time,latitude,longitude,altitude (ft)
2020-10-23 21:13:26,43.005343238,-78.801646923,584.7
2020-10-23 21:13:28,43.005344291,-78.801629794,584.9
2020-10-23 21:13:29,43.005373451,-78.801616095,584.9
2020-10-23 21:13:30,43.005399746,-78.801594590,585.0
2020-10-23 21:13:31,43.005416698,-78.801584258,585.1
2020-10-23 21:13:33,43.005388906,-78.801576429,585.2
2020-10-23 21:13:34,43.005375633,-78.801572533,585.3
2020-10-23 21:13:36,43.005356900,-78.801580394,585.4
2020-10-23 21:13:39,43.005348054,-78.801605911,585.6
2020-10-23 21:13:43,43.005309940,-78.801603924,585.8
2020-10-23 21:13:45,43.005275944,-78.801625646,585.9
2020-10-23 21:13:47,43.005255951,-78.801613322,585.9
2020-10-23 21:13:48,43.005238934,-78.801629778,586.1
2020-10-23 21:13:50,43.005223721,-78.801613205,586.2
2020-10-23 21:13:51,43.005213210,-78.801609862,586.2
2020-10-23 21:13:53,43.005197263,-78.801597870,586.5
2020-10-23 21:13:55,43.005181453,-78.801581510,586.6
2020-10-23 21:13:57,43.005161992,-78.801602701,587.0
2020-10-23 21:14:01,43.005136009,-78.801612139,586.3
2020-10-23 21:14:02,43.005115988,-78.801606352,586.8
2020-10-23 21:14:04,43.005093553,-78.801609978,585.6
2020-10-23 21:14:06,43.005071453,-78.801607608,585.1
2020-10-23 21:14:08,43.005040039,-78.801617996,587.3
2020-10-23 21:14:11,43.005023734,-78.801607475,585.6
2020-10-23 21:14:13,43.005005236,-78.801622635,585.7
2020-10-23 21:14:15,43.004983441,-78.801605336,586.8
2020-10-23 21:14:18,43.004957489,-78.801602505,585.4
2020-10-23 21:14:20,43.004927979,-78.801603607,585.1
2020-10-23 21:14:22,43.004899006,-78.801598643,586.1
2020-10-23 21:14:24,43.004884740,-78.801576569,586.6
2020-10-23 21:14:26,43.004860210,-78.801592638,585.1
2020-10-23 21:14:28,43.004834076,-78.801587118,585.4
2020-10-23 21:14:30,43.004812226,-78.801580198,585.5
2020-10-23 21:14:32,43.004792138,-78.801586388,587.0
2020-10-23 21:14:34,43.004763746,-78.801586517,585.0
2020-10-23 21:14:36,43.004737654,-78.801577721,585.2
2020-10-23 21:14:39,43.004717466,-78.801594748,586.8
2020-10-23 21:14:41,43.004699984,-78.801585487,586.7
2020-10-23 21:14:43,43.004670108,-78.801590524,585.1
2020-10-23 21:14:45,43.004646080,-78.801596646,585.4
2020-10-23 21:14:47,43.004619862,-78.801588362,584.7
2020-10-23 21:14:50,43.004591837,-78.801594962,585.4
2020-10-23 21:14:52,43.004557621,-78.801595225,586.2
2020-10-23 21:14:54,43.004536751,-78.801589546,584.8
2020-10-23 21:14:56,43.004517387,-78.801599779,585.9
2020-10-23 21:14:58,43.004487836,-78.801615016,586.6
2020-10-23 21:15:00,43.004469483,-78.801605390,585.0
2020-10-23 21:15:02,43.004450103,-78.801592857,584.0
2020-10-23 21:15:04,43.004425213,-78.801595474,586.5
2020-10-23 21:15:06,43.004399607,-78.801593647,584.8
2020-10-23 21:15:09,43.004385834,-78.801621067,584.7
2020-10-23 21:15:11,43.004394557,-78.801642775,584.0
2020-10-23 21:15:12,43.004393850,-78.801667775,584.2
2020-10-23 21:15:14,43.004385415,-78.801693593,585.9
2020-10-23 21:15:16,43.004380940,-78.801726704,585.1
2020-10-23 21:15:18,43.004380060,-78.801755684,584.8
2020-10-23 21:15:20,43.004373182,-78.801783409,583.9
2020-10-23 21:15:22,43.004372187,-78.801819516,584.5
2020-10-23 21:15:25,43.004380594,-78.801854685,584.8
2020-10-23 21:15:27,43.004376026,-78.801886798,584.6
2020-10-23 21:15:29,43.004366848,-78.801913026,583.8
2020-10-23 21:15:31,43.004367079,-78.801957740,584.4
2020-10-23 21:15:34,43.004367028,-78.801997582,584.8
2020-10-23 21:15:36,43.004363325,-78.802029216,585.7
2020-10-23 21:15:38,43.004367454,-78.802053772,585.8
2020-10-23 21:15:40,43.004365716,-78.802087634,585.0
2020-10-23 21:15:42,43.004363268,-78.802119151,583.8
2020-10-23 21:15:43,43.004364584,-78.802144699,586.4
2020-10-23 21:15:45,43.004372847,-78.802182194,585.4
2020-10-23 21:15:47,43.004359181,-78.802216369,583.2
2020-10-23 21:15:49,43.004356945,-78.802256678,583.5
2020-10-23 21:15:51,43.004353332,-78.802290118,584.3
2020-10-23 21:15:53,43.004353756,-78.802331395,583.1
2020-10-23 21:15:55,43.004359369,-78.802362224,584.3
2020-10-23 21:15:56,43.004357262,-78.802387826,585.7
2020-10-23 21:15:58,43.004349079,-78.802426920,584.0
2020-10-23 21:16:00,43.004350973,-78.802455835,585.4
2020-10-23 21:16:02,43.004357249,-78.802500396,587.3
2020-10-23 21:16:05,43.004363178,-78.802532104,585.3
2020-10-23 21:16:07,43.004362976,-78.802559336,586.1
2020-10-23 21:16:10,43.004366866,-78.802586264,586.4
2020-10-23 21:16:14,43.004353417,-78.802614031,588.7
2020-10-23 21:16:16,43.004355059,-78.802640899,588.8
2020-10-23 21:16:18,43.004350714,-78.802673125,587.8
2020-10-23 21:16:20,43.004347777,-78.802703930,588.3
2020-10-23 21:16:21,43.004348495,-78.802730204,587.0
2020-10-23 21:16:23,43.004339008,-78.802774563,588.4
2020-10-23 21:16:24,43.004340004,-78.802801355,586.7
2020-10-23 21:16:25,43.004343764,-78.802828040,587.6
2020-10-23 21:16:27,43.004341191,-78.802875218,587.9
2020-10-23 21:16:28,43.004344337,-78.802909219,587.7
2020-10-23 21:16:30,43.004342298,-78.802944311,587.3
2020-10-23 21:16:32,43.004345222,-78.802998252,586.7
2020-10-23 21:16:34,43.004351996,-78.803037636,586.1
2020-10-23 21:16:36,43.004358196,-78.803071545,583.6
2020-10-23 21:16:38,43.004370111,-78.803091157,585.2
2020-10-23 21:16:40,43.004383288,-78.803129547,584.0
2020-10-23 21:16:42,43.004384207,-78.803161524,581.6
2020-10-23 21:16:45,43.004394095,-78.803192421,580.5
2020-10-23 21:16:46,43.004396043,-78.803219918,581.6
2020-10-23 21:16:48,43.004401401,-78.803257228,582.5
2020-10-23 21:16:50,43.004405623,-78.803286913,582.3
2020-10-23 21:16:53,43.004412875,-78.803326728,581.1
2020-10-23 21:16:54,43.004418182,-78.803350358,580.0
2020-10-23 21:16:56,43.004422856,-78.803380779,579.8
2020-10-23 21:16:59,43.004424939,-78.803423738,578.1
2020-10-23 21:17:01,43.004433317,-78.803460764,576.1
2020-10-23 21:17:04,43.004437013,-78.803488865,577.5
2020-10-23 21:17:06,43.004437889,-78.803518981,576.6
2020-10-23 21:17:08,43.004445182,-78.803548695,578.3
2020-10-23 21:17:12,43.004454833,-78.803571303,576.9
2020-10-23 21:17:15,43.004465947,-78.803607362,577.4
2020-10-23 21:17:17,43.004473833,-78.803640959,579.4
2020-10-23 21:17:20,43.004476148,-78.803673028,578.2
2020-10-23 21:17:23,43.004485788,-78.803700434,577.4
2020-10-23 21:17:25,43.004490859,-78.803725110,578.2
2020-10-23 21:17:27,43.004491557,-78.803754133,579.2
2020-10-23 21:17:28,43.004494470,-78.803786756,577.3
2020-10-23 21:17:30,43.004513428,-78.803814046,577.8
2020-10-23 21:17:32,43.004539990,-78.803856471,579.5
2020-10-23 21:17:33,43.004554788,-78.803875096,579.2
2020-10-23 21:17:34,43.004568676,-78.803894962,580.0
2020-10-23 21:17:35,43.004584951,-78.803906286,578.7
2020-10-23 21:17:36,43.004586899,-78.803932576,580.6
2020-10-23 21:17:38,43.004579180,-78.803956437,582.5
2020-10-23 21:17:40,43.004582551,-78.803987363,581.8
2020-10-23 21:17:41,43.004594652,-78.804007697,582.6
2020-10-23 21:17:47,43.004606580,-78.804039552,582.7
2020-10-23 21:17:50,43.004615299,-78.804063426,583.0
2020-10-23 21:17:52,43.004618896,-78.804089211,582.7
2020-10-23 21:17:53,43.004624110,-78.804114307,582.8
2020-10-23 21:17:54,43.004626646,-78.804143530,583.6
2020-10-23 21:17:56,43.004634011,-78.804187090,582.5
2020-10-23 21:17:58,43.004633823,-78.804225299,583.2
2020-10-23 21:18:00,43.004643931,-78.804272132,582.7
2020-10-23 21:18:01,43.004650745,-78.804295825,581.3
2020-10-23 21:18:02,43.004656366,-78.804320469,582.0
2020-10-23 21:18:04,43.004658585,-78.804362395,580.3
2020-10-23 21:18:06,43.004653658,-78.804397965,578.8
2020-10-23 21:18:08,43.004662331,-78.804440417,579.5
2020-10-23 21:18:09,43.004666695,-78.804465384,578.5
2020-10-23 21:18:11,43.004668491,-78.804496792,578.3
2020-10-23 21:18:13,43.004658682,-78.804525592,577.9
2020-10-23 21:18:15,43.004665748,-78.804579060,577.1
2020-10-23 21:18:17,43.004670245,-78.804614525,576.1
2020-10-23 21:18:19,43.004667795,-78.804644737,577.8
2020-10-23 21:18:21,43.004673110,-78.804681085,576.9
2020-10-23 21:18:22,43.004678498,-78.804705372,577.7
2020-10-23 21:18:24,43.004684285,-78.804739344,577.7
2020-10-23 21:18:26,43.004686821,-78.804766075,578.5
2020-10-23 21:18:28,43.004687975,-78.804802955,577.1
2020-10-23 21:18:30,43.004691495,-78.804833489,578.1
2020-10-23 21:18:32,43.004689783,-78.804871514,577.0
2020-10-23 21:18:33,43.004703576,-78.804888325,576.0
2020-10-23 21:18:35,43.004698027,-78.804919265,577.0
2020-10-23 21:18:37,43.004702590,-78.804961660,576.1
2020-10-23 21:18:39,43.004705898,-78.804989166,574.8
2020-10-23 21:18:41,43.004705078,-78.805019445,574.3
2020-10-23 21:18:43,43.004704679,-78.805060543,576.0
2020-10-23 21:18:45,43.004701091,-78.805100702,576.2
2020-10-23 21:18:50,43.004728938,-78.805112295,574.3
2020-10-23 21:18:51,43.004747871,-78.805103689,575.0
2020-10-23 21:18:55,43.004715173,-78.805101360,575.1
2020-10-23 21:18:57,43.004694896,-78.805100744,574.5
2020-10-23 21:18:59,43.004729411,-78.805099706,575.1
2020-10-23 21:19:01,43.004752712,-78.805106598,576.3
2020-10-23 21:19:02,43.004720575,-78.805091227,574.1
2020-10-23 21:19:03,43.004701110,-78.805087567,574.8
2020-10-23 21:19:05,43.004670031,-78.805115399,575.0
2020-10-23 21:19:06,43.004665416,-78.805145026,573.4
2020-10-23 21:19:08,43.004672289,-78.805190631,574.0
2020-10-23 21:19:10,43.004669723,-78.805230384,574.5
2020-10-23 21:19:12,43.004680976,-78.805264988,574.6
2020-10-23 21:19:14,43.004681850,-78.805302581,577.4
2020-10-23 21:19:16,43.004679862,-78.805338765,578.7
2020-10-23 21:19:18,43.004673289,-78.805372666,577.8
2020-10-23 21:19:20,43.004670630,-78.805405050,576.6
2020-10-23 21:19:23,43.004688203,-78.805427337,576.6
2020-10-23 21:19:25,43.004702293,-78.805448781,576.8
2020-10-23 21:19:27,43.004717824,-78.805472783,574.5
2020-10-23 21:19:29,43.004717250,-78.805497414,574.4
2020-10-23 21:19:31,43.004716164,-78.805526908,576.1
2020-10-23 21:19:33,43.004720881,-78.805562722,576.5
2020-10-23 21:19:35,43.004720767,-78.805590191,575.9
2020-10-23 21:19:38,43.004717423,-78.805626125,574.8
2020-10-23 21:19:40,43.004719063,-78.805655608,575.9
2020-10-23 21:19:42,43.004719171,-78.805682612,574.5
2020-10-23 21:19:44,43.004725454,-78.805713534,574.8
2020-10-23 21:19:46,43.004721236,-78.805748618,574.4
2020-10-23 21:19:48,43.004721629,-78.805781495,573.5
2020-10-23 21:19:50,43.004725206,-78.805809189,573.3
2020-10-23 21:19:53,43.004731586,-78.805848292,574.3
2020-10-23 21:19:55,43.004734296,-78.805885932,574.4
2020-10-23 21:19:57,43.004739177,-78.805912116,573.7
2020-10-23 21:20:00,43.004737274,-78.805947986,574.4
2020-10-23 21:20:02,43.004732504,-78.805981165,571.5
2020-10-23 21:20:03,43.004732402,-78.806008276,573.2
2020-10-23 21:20:05,43.004713472,-78.806035364,572.4
2020-10-23 21:20:08,43.004697572,-78.806063173,571.9
2020-10-23 21:20:10,43.004685032,-78.806100176,571.8
2020-10-23 21:20:12,43.004691774,-78.806133866,572.3
2020-10-23 21:20:15,43.004687541,-78.806164095,573.0
2020-10-23 21:20:16,43.004692027,-78.806192402,572.7
2020-10-23 21:20:18,43.004689523,-78.806231748,572.8
2020-10-23 21:20:21,43.004687117,-78.806273140,573.0
2020-10-23 21:20:23,43.004686131,-78.806308528,573.3
2020-10-23 21:20:25,43.004680713,-78.806336385,574.5
2020-10-23 21:20:28,43.004682978,-78.806374134,574.2
2020-10-23 21:20:30,43.004686095,-78.806410455,573.6
2020-10-23 21:20:32,43.004686288,-78.806451385,572.6
2020-10-23 21:20:34,43.004682426,-78.806477284,572.2
2020-10-23 21:20:36,43.004681488,-78.806503988,574.4
2020-10-23 21:20:37,43.004683608,-78.806532812,572.2
2020-10-23 21:20:39,43.004683203,-78.806574810,572.3
2020-10-23 21:20:41,43.004692935,-78.806604667,572.5
2020-10-23 21:20:43,43.004680454,-78.806634479,571.4
2020-10-23 21:20:45,43.004683273,-78.806667089,573.1
2020-10-23 21:20:47,43.004691137,-78.806705822,573.1
2020-10-23 21:20:50,43.004688223,-78.806736820,571.5
2020-10-23 21:20:52,43.004684738,-78.806764514,572.4
2020-10-23 21:20:53,43.004685044,-78.806789201,571.6
2020-10-23 21:20:55,43.004687167,-78.806817675,572.4
2020-10-23 21:20:58,43.004692216,-78.806860204,572.9
2020-10-23 21:20:59,43.004681857,-78.806881951,572.7
2020-10-23 21:21:01,43.004689931,-78.806919700,573.8
2020-10-23 21:21:03,43.004687180,-78.806949201,572.7
2020-10-23 21:21:05,43.004687463,-78.806977592,573.3
2020-10-23 21:21:07,43.004688770,-78.807009751,573.3
2020-10-23 21:21:08,43.004693103,-78.807033626,573.0
2020-10-23 21:21:10,43.004687823,-78.807060582,573.8
2020-10-23 21:21:13,43.004688957,-78.807090572,570.9
2020-10-23 21:21:15,43.004688282,-78.807122105,574.6
2020-10-23 21:21:16,43.004690481,-78.807150916,574.2
2020-10-23 21:21:19,43.004690852,-78.807185999,574.9
2020-10-23 21:21:21,43.004691859,-78.807222812,575.1
2020-10-23 21:21:23,43.004690466,-78.807259922,574.4
2020-10-23 21:21:25,43.004689701,-78.807292061,575.6
2020-10-23 21:21:28,43.004681251,-78.807332513,575.3
2020-10-23 21:21:30,43.004681444,-78.807366877,575.7
2020-10-23 21:21:32,43.004682721,-78.807398788,575.8
2020-10-23 21:21:34,43.004675338,-78.807427541,575.8
2020-10-23 21:21:36,43.004674562,-78.807453333,576.4
2020-10-23 21:21:38,43.004674385,-78.807493602,576.2
2020-10-23 21:21:40,43.004676464,-78.807518422,575.3
2020-10-23 21:21:42,43.004679529,-78.807548704,576.6
2020-10-23 21:21:44,43.004685997,-78.807588610,574.8
2020-10-23 21:21:47,43.004679501,-78.807632171,575.5
2020-10-23 21:21:49,43.004684087,-78.807663433,576.2
2020-10-23 21:21:51,43.004683663,-78.807692060,575.5
2020-10-23 21:21:53,43.004681667,-78.807720023,574.0
2020-10-23 21:21:56,43.004682773,-78.807748430,575.3
2020-10-23 21:21:59,43.004663266,-78.807739527,574.3
2020-10-23 21:22:07,43.004645289,-78.807735983,575.2
2020-10-23 21:22:22,43.004654727,-78.807770090,575.0
2020-10-23 21:22:24,43.004662362,-78.807796863,574.9
2020-10-23 21:22:26,43.004663746,-78.807824079,574.5
2020-10-23 21:22:28,43.004658310,-78.807861089,576.9
2020-10-23 21:22:30,43.004659310,-78.807887230,576.3
2020-10-23 21:22:32,43.004670129,-78.807913865,575.8
2020-10-23 21:22:34,43.004670298,-78.807951458,575.8
2020-10-23 21:22:35,43.004676987,-78.807982023,575.8
2020-10-23 21:22:38,43.004677895,-78.808017117,576.0
2020-10-23 21:22:40,43.004682393,-78.808049030,577.1
2020-10-23 21:22:42,43.004681406,-78.808082452,575.1
2020-10-23 21:22:44,43.004684132,-78.808112537,576.7
2020-10-23 21:22:47,43.004677705,-78.808144140,574.8
2020-10-23 21:22:48,43.004680716,-78.808169105,575.7
2020-10-23 21:22:49,43.004683162,-78.808196699,575.9
2020-10-23 21:22:51,43.004687394,-78.808221242,574.8
2020-10-23 21:22:54,43.004688337,-78.808256369,574.5
2020-10-23 21:22:55,43.004693192,-78.808280282,576.3
2020-10-23 21:22:57,43.004695680,-78.808314348,577.4
2020-10-23 21:22:59,43.004691298,-78.808340766,576.0
2020-10-23 21:23:01,43.004682156,-78.808374290,574.8
2020-10-23 21:23:03,43.004682329,-78.808403313,575.9
2020-10-23 21:23:05,43.004685756,-78.808438501,575.1
2020-10-23 21:23:07,43.004683891,-78.808470543,574.5
2020-10-23 21:23:09,43.004680409,-78.808514280,576.6
2020-10-23 21:23:11,43.004677931,-78.808544199,573.8
2020-10-23 21:23:13,43.004678593,-78.808575930,577.5
2020-10-23 21:23:15,43.004677464,-78.808611821,576.8
2020-10-23 21:23:16,43.004678199,-78.808636913,577.0
2020-10-23 21:23:18,43.004680104,-78.808674343,575.5
2020-10-23 21:23:19,43.004676960,-78.808699193,577.4
2020-10-23 21:23:22,43.004679219,-78.808740656,574.0
2020-10-23 21:23:23,43.004685509,-78.808763789,575.4
2020-10-23 21:23:25,43.004687601,-78.808798697,573.8
2020-10-23 21:23:27,43.004687374,-78.808832905,576.2
2020-10-23 21:23:29,43.004682347,-78.808858116,574.0
2020-10-23 21:23:31,43.004682672,-78.808895788,572.8
2020-10-23 21:23:33,43.004683272,-78.808932605,573.8
2020-10-23 21:23:35,43.004686721,-78.808968786,575.2
2020-10-23 21:23:38,43.004677652,-78.809004518,575.6
2020-10-23 21:23:40,43.004673994,-78.809043803,575.7
2020-10-23 21:23:42,43.004677870,-78.809076149,574.1
2020-10-23 21:23:44,43.004680631,-78.809101148,571.6
2020-10-23 21:23:46,43.004674704,-78.809129431,574.4
2020-10-23 21:23:47,43.004672752,-78.809156585,574.4
2020-10-23 21:23:49,43.004674043,-78.809192689,575.8
2020-10-23 21:23:51,43.004672711,-78.809226919,576.4
2020-10-23 21:23:53,43.004675620,-78.809254805,575.4
2020-10-23 21:23:55,43.004678488,-78.809291389,570.5
2020-10-23 21:23:57,43.004683666,-78.809327920,575.2
2020-10-23 21:23:59,43.004683186,-78.809357690,575.4
2020-10-23 21:24:01,43.004682020,-78.809389283,576.0
2020-10-23 21:24:03,43.004678318,-78.809423818,576.9
2020-10-23 21:24:05,43.004684428,-78.809450053,573.3
2020-10-23 21:24:07,43.004684625,-78.809477265,575.4
2020-10-23 21:24:09,43.004684327,-78.809507923,575.3
2020-10-23 21:24:11,43.004685269,-78.809546036,575.1
2020-10-23 21:24:13,43.004688844,-78.809581425,574.6
2020-10-23 21:24:15,43.004682218,-78.809606265,570.8
2020-10-23 21:24:17,43.004684442,-78.809638238,571.5
2020-10-23 21:24:19,43.004680614,-78.809676564,575.0
2020-10-23 21:24:21,43.004682483,-78.809707780,572.4
2020-10-23 21:24:23,43.004685921,-78.809734707,575.4
2020-10-23 21:24:25,43.004682534,-78.809764160,572.4
2020-10-23 21:24:26,43.004687940,-78.809789759,573.6
2020-10-23 21:24:28,43.004691287,-78.809821392,573.0
2020-10-23 21:24:30,43.004684971,-78.809854114,572.8
2020-10-23 21:24:32,43.004683722,-78.809883409,572.9
2020-10-23 21:24:34,43.004681663,-78.809918545,576.4
2020-10-23 21:24:36,43.004682918,-78.809949497,576.4
2020-10-23 21:24:39,43.004676260,-78.809989631,576.0
2020-10-23 21:24:41,43.004672870,-78.810022315,574.5
2020-10-23 21:24:43,43.004667793,-78.810048671,573.1
2020-10-23 21:24:45,43.004673477,-78.810072225,573.5
2020-10-23 21:24:47,43.004672163,-78.810116410,572.3
2020-10-23 21:24:49,43.004673886,-78.810151181,573.1
2020-10-23 21:24:51,43.004674667,-78.810179345,573.1
2020-10-23 21:24:53,43.004674331,-78.810215637,572.1
2020-10-23 21:24:55,43.004677839,-78.810252335,572.5
2020-10-23 21:24:57,43.004679115,-78.810281338,571.4
2020-10-23 21:24:59,43.004676947,-78.810308867,571.6
2020-10-23 21:25:00,43.004673933,-78.810336519,573.7
2020-10-23 21:25:02,43.004679462,-78.810368116,573.8
2020-10-23 21:25:04,43.004677641,-78.810398165,573.1
2020-10-23 21:25:07,43.004672881,-78.810443085,573.3
2020-10-23 21:25:09,43.004680193,-78.810481528,574.3
2020-10-23 21:25:11,43.004675297,-78.810512001,573.0
2020-10-23 21:25:13,43.004674209,-78.810538405,573.7
2020-10-23 21:25:15,43.004673325,-78.810576066,571.0
2020-10-23 21:25:17,43.004679287,-78.810609257,569.5
2020-10-23 21:25:19,43.004673778,-78.810635394,572.1
2020-10-23 21:25:22,43.004675223,-78.810673234,570.6
2020-10-23 21:25:24,43.004673749,-78.810708963,570.8
2020-10-23 21:25:27,43.004669424,-78.810747506,573.9
2020-10-23 21:25:29,43.004673897,-78.810779112,571.5
2020-10-23 21:25:31,43.004675952,-78.810809733,572.3
2020-10-23 21:25:34,43.004672576,-78.810849393,570.8
2020-10-23 21:25:37,43.004687394,-78.810881536,574.4
2020-10-23 21:25:40,43.004697060,-78.810912738,572.1
2020-10-23 21:25:43,43.004717319,-78.810926206,573.6
2020-10-23 21:25:45,43.004742167,-78.810938978,574.0
2020-10-23 21:25:48,43.004751228,-78.810968322,573.7
2020-10-23 21:25:49,43.004763501,-78.810991495,573.4
2020-10-23 21:25:51,43.004779697,-78.811014546,571.9
2020-10-23 21:25:54,43.004785687,-78.811044572,574.4
2020-10-23 21:25:56,43.004799550,-78.811077171,573.9
2020-10-23 21:25:59,43.004812301,-78.811101931,574.9
2020-10-23 21:26:01,43.004838200,-78.811092476,573.5
2020-10-23 21:26:06,43.004817533,-78.811090784,572.8
2020-10-23 21:26:10,43.004841286,-78.811080014,573.5
2020-10-23 21:26:15,43.004816833,-78.811084860,573.2
2020-10-23 21:26:19,43.004839120,-78.811073205,572.5
2020-10-23 21:26:23,43.004821231,-78.811078208,572.4
2020-10-23 21:26:25,43.004795964,-78.811088294,574.3
2020-10-23 21:26:31,43.004777057,-78.811064285,573.7
2020-10-23 21:26:33,43.004762004,-78.811046153,575.0
2020-10-23 21:26:35,43.004743307,-78.811036124,571.9
2020-10-23 21:26:37,43.004727843,-78.811049195,574.7
2020-10-23 21:26:39,43.004699211,-78.811051068,577.6
2020-10-23 21:26:42,43.004677862,-78.811063295,577.6
2020-10-23 21:26:44,43.004651429,-78.811062250,577.5
2020-10-23 21:26:46,43.004631121,-78.811063010,571.9
2020-10-23 21:26:48,43.004613281,-78.811052200,574.1
2020-10-23 21:26:50,43.004585666,-78.811046849,574.8
2020-10-23 21:26:53,43.004563309,-78.811049019,570.4
2020-10-23 21:26:54,43.004544123,-78.811045646,574.5
2020-10-23 21:26:56,43.004517988,-78.811048347,576.0
2020-10-23 21:26:59,43.004483224,-78.811035082,574.8
2020-10-23 21:27:01,43.004461355,-78.811029644,573.5
2020-10-23 21:27:03,43.004443737,-78.811016450,573.4
2020-10-23 21:27:05,43.004408872,-78.811013231,575.2
2020-10-23 21:27:07,43.004381108,-78.810994320,573.3
2020-10-23 21:27:09,43.004358715,-78.810994984,573.5
2020-10-23 21:27:11,43.004327376,-78.810993329,572.8
2020-10-23 21:27:13,43.004298784,-78.810995806,574.1
2020-10-23 21:27:15,43.004269111,-78.810997605,573.8
2020-10-23 21:27:17,43.004243894,-78.810968499,574.8
2020-10-23 21:27:18,43.004245202,-78.810934371,571.5
2020-10-23 21:27:19,43.004253594,-78.810911025,571.8
2020-10-23 21:27:21,43.004282830,-78.810880866,574.1
2020-10-23 21:27:22,43.004303412,-78.810880906,575.2
2020-10-23 21:27:23,43.004322348,-78.810891176,574.2
2020-10-23 21:27:25,43.004356228,-78.810900851,575.4
2020-10-23 21:27:26,43.004373073,-78.810909635,574.8
2020-10-23 21:27:27,43.004390140,-78.810924279,574.9
2020-10-23 21:27:29,43.004422847,-78.810937795,574.3
2020-10-23 21:27:31,43.004452509,-78.810950983,574.1
2020-10-23 21:27:33,43.004481515,-78.810957409,576.4
2020-10-23 21:27:35,43.004511166,-78.810966337,575.3
2020-10-23 21:27:37,43.004540554,-78.810976703,574.7
2020-10-23 21:27:38,43.004552192,-78.810998298,574.0
2020-10-23 21:27:40,43.004564517,-78.811035099,573.6
2020-10-23 21:27:41,43.004559576,-78.811062995,574.6
2020-10-23 21:27:42,43.004552047,-78.811086059,573.9
2020-10-23 21:27:44,43.004545716,-78.811125192,575.3
2020-10-23 21:27:46,43.004542724,-78.811163234,576.3
2020-10-23 21:27:48,43.004544112,-78.811201725,574.7
2020-10-23 21:27:50,43.004532682,-78.811241651,575.5
2020-10-23 21:27:52,43.004526704,-78.811278738,576.3
2020-10-23 21:27:54,43.004530619,-78.811316215,576.9
2020-10-23 21:27:56,43.004527161,-78.811354836,574.6
2020-10-23 21:27:58,43.004514094,-78.811391633,576.0
2020-10-23 21:28:00,43.004516967,-78.811429342,576.1
2020-10-23 21:28:02,43.004515245,-78.811467106,577.1
2020-10-23 21:28:04,43.004524176,-78.811495981,574.9
2020-10-23 21:28:06,43.004524479,-78.811526617,574.8
2020-10-23 21:28:08,43.004529114,-78.811562549,576.5
2020-10-23 21:28:10,43.004530618,-78.811591797,576.6
2020-10-23 21:28:13,43.004536908,-78.811625740,576.2
2020-10-23 21:28:14,43.004543482,-78.811658402,576.5
2020-10-23 21:28:17,43.004545633,-78.811695485,577.0
2020-10-23 21:28:21,43.004577209,-78.811728911,575.3
2020-10-23 21:28:23,43.004603486,-78.811756100,574.6
2020-10-23 21:28:25,43.004639379,-78.811764362,572.4
2020-10-23 21:28:27,43.004664982,-78.811788623,573.9
2020-10-23 21:28:30,43.004684103,-78.811826755,575.5
2020-10-23 21:28:31,43.004697929,-78.811848440,576.8
2020-10-23 21:28:32,43.004702769,-78.811873657,575.0
2020-10-23 21:28:34,43.004701640,-78.811903896,577.2
2020-10-23 21:28:37,43.004701163,-78.811940059,574.3
2020-10-23 21:28:39,43.004710141,-78.811976276,574.5
2020-10-23 21:28:42,43.004691073,-78.811990301,575.3
2020-10-23 21:28:46,43.004710944,-78.811970998,576.1
2020-10-23 21:28:51,43.004693475,-78.811980257,574.9
2020-10-23 21:28:56,43.004715963,-78.811964533,575.5
2020-10-23 21:29:00,43.004692067,-78.811973448,571.9
2020-10-23 21:29:05,43.004718021,-78.811966986,576.9
2020-10-23 21:29:08,43.004699542,-78.811984974,573.5
2020-10-23 21:29:11,43.004696500,-78.812026503,573.5
2020-10-23 21:29:13,43.004708080,-78.812058683,573.8
2020-10-23 21:29:15,43.004719615,-78.812082770,574.6
2020-10-23 21:29:17,43.004723665,-78.812112643,573.7
2020-10-23 21:29:19,43.004726059,-78.812153662,576.8
2020-10-23 21:29:21,43.004733894,-78.812185174,575.8
2020-10-23 21:29:23,43.004741946,-78.812213191,575.2
2020-10-23 21:29:26,43.004754530,-78.812256591,571.8
2020-10-23 21:29:28,43.004758493,-78.812292612,573.7
2020-10-23 21:29:30,43.004753980,-78.812321579,575.2
2020-10-23 21:29:32,43.004759779,-78.812352322,576.4
2020-10-23 21:29:34,43.004774689,-78.812379954,575.5
2020-10-23 21:29:36,43.004788062,-78.812406138,574.8
2020-10-23 21:29:38,43.004798830,-78.812435875,575.0
2020-10-23 21:29:40,43.004803711,-78.812467696,574.9
2020-10-23 21:29:42,43.004816493,-78.812497797,574.2
2020-10-23 21:29:44,43.004818362,-78.812524141,574.4
2020-10-23 21:29:46,43.004830207,-78.812555551,574.8
2020-10-23 21:29:48,43.004837092,-78.812581855,574.2
2020-10-23 21:29:50,43.004851159,-78.812607462,574.4
2020-10-23 21:29:52,43.004856666,-78.812633535,574.6
2020-10-23 21:29:54,43.004870658,-78.812657699,574.2
2020-10-23 21:29:56,43.004886855,-78.812689799,574.5
2020-10-23 21:29:58,43.004898665,-78.812713915,574.6
2020-10-23 21:30:00,43.004908582,-78.812735831,574.1
2020-10-23 21:30:01,43.004920280,-78.812754898,574.8
2020-10-23 21:30:03,43.004934702,-78.812785005,573.8
2020-10-23 21:30:06,43.004953407,-78.812807387,573.9
2020-10-23 21:30:07,43.004967119,-78.812827226,574.7
2020-10-23 21:30:09,43.004978474,-78.812857258,574.5
2020-10-23 21:30:11,43.004989305,-78.812883735,574.3
2020-10-23 21:30:13,43.005000497,-78.812907254,574.7
2020-10-23 21:30:15,43.005014738,-78.812936426,575.1
2020-10-23 21:30:17,43.005022910,-78.812964804,576.5
2020-10-23 21:30:19,43.005036256,-78.812987733,575.8
2020-10-23 21:30:22,43.005047697,-78.813020873,576.1
2020-10-23 21:30:24,43.005066421,-78.813045738,575.7
2020-10-23 21:30:26,43.005078587,-78.813067118,575.7
2020-10-23 21:30:28,43.005089060,-78.813092585,575.5
2020-10-23 21:30:31,43.005105572,-78.813127295,576.1
2020-10-23 21:30:33,43.005115402,-78.813149387,575.1
2020-10-23 21:30:36,43.005134647,-78.813181648,573.6
2020-10-23 21:30:38,43.005151336,-78.813210209,575.9
2020-10-23 21:30:40,43.005166926,-78.813236593,575.2
2020-10-23 21:30:42,43.005183277,-78.813257868,576.0
2020-10-23 21:30:44,43.005205035,-78.813276628,574.6
2020-10-23 21:30:46,43.005229421,-78.813293418,575.4
2020-10-23 21:30:48,43.005238797,-78.813316441,574.4
2020-10-23 21:30:51,43.005261752,-78.813342147,576.4
2020-10-23 21:30:53,43.005289095,-78.813360888,574.8
2020-10-23 21:30:55,43.005306886,-78.813382928,574.8
2020-10-23 21:30:57,43.005322339,-78.813403798,575.8
2020-10-23 21:30:59,43.005341803,-78.813427816,574.5
2020-10-23 21:31:01,43.005360943,-78.813448378,575.0
2020-10-23 21:31:04,43.005376194,-78.813477254,575.9
2020-10-23 21:31:06,43.005394401,-78.813507307,576.8
2020-10-23 21:31:09,43.005413559,-78.813527164,575.1
2020-10-23 21:31:11,43.005430093,-78.813552869,572.6
2020-10-23 21:31:13,43.005423675,-78.813583431,575.5
2020-10-23 21:31:15,43.005418847,-78.813625133,573.1
2020-10-23 21:31:17,43.005414907,-78.813659561,573.8
2020-10-23 21:31:19,43.005420606,-78.813695882,574.1
2020-10-23 21:31:21,43.005433206,-78.813726408,574.8
2020-10-23 21:31:24,43.005443364,-78.813759583,574.6
2020-10-23 21:31:26,43.005457348,-78.813788274,574.4
2020-10-23 21:31:28,43.005477347,-78.813809125,574.9
2020-10-23 21:31:31,43.005478348,-78.813841675,574.0
2020-10-23 21:31:35,43.005479903,-78.813810262,575.3
2020-10-23 21:31:38,43.005478510,-78.813843142,573.0
2020-10-23 21:31:43,43.005480302,-78.813818000,575.0
2020-10-23 21:31:45,43.005498286,-78.813831921,576.2
2020-10-23 21:31:47,43.005507036,-78.813854587,576.7
2020-10-23 21:31:49,43.005522841,-78.813877995,576.6
2020-10-23 21:31:51,43.005538211,-78.813897060,574.9
2020-10-23 21:31:53,43.005551638,-78.813915961,575.2
2020-10-23 21:31:55,43.005565660,-78.813940621,575.7
2020-10-23 21:31:57,43.005579519,-78.813965527,575.9
2020-10-23 21:31:59,43.005593154,-78.813983357,576.0
2020-10-23 21:32:01,43.005607589,-78.814001928,575.8
2020-10-23 21:32:03,43.005620018,-78.814021510,576.1
2020-10-23 21:32:05,43.005638078,-78.814045667,576.2
2020-10-23 21:32:07,43.005654640,-78.814060799,576.7
2020-10-23 21:32:09,43.005670539,-78.814081032,576.1
2020-10-23 21:32:11,43.005688536,-78.814102786,577.4
2020-10-23 21:32:13,43.005702306,-78.814127113,577.1
2020-10-23 21:32:15,43.005718961,-78.814153288,577.4
2020-10-23 21:32:17,43.005735584,-78.814170279,576.0
2020-10-23 21:32:19,43.005758274,-78.814186131,578.6
2020-10-23 21:32:22,43.005774249,-78.814202021,578.0
2020-10-23 21:32:24,43.005793844,-78.814227176,578.7
2020-10-23 21:32:26,43.005813885,-78.814247882,578.5
2020-10-23 21:32:28,43.005835851,-78.814263407,578.7
2020-10-23 21:32:31,43.005854174,-78.814285772,579.3
2020-10-23 21:32:33,43.005872420,-78.814312263,579.7
2020-10-23 21:32:35,43.005886688,-78.814330645,579.9
2020-10-23 21:32:37,43.005902630,-78.814343719,580.0
2020-10-23 21:32:39,43.005925111,-78.814366252,579.2
2020-10-23 21:32:41,43.005940689,-78.814382376,579.6
2020-10-23 21:32:43,43.005954877,-78.814400498,578.6
2020-10-23 21:32:45,43.005971078,-78.814421787,579.5
2020-10-23 21:32:47,43.005989081,-78.814444294,578.4
2020-10-23 21:32:50,43.006005822,-78.814470292,577.9
2020-10-23 21:32:52,43.006027971,-78.814490784,578.2
2020-10-23 21:32:54,43.006048770,-78.814510090,577.4
2020-10-23 21:32:56,43.006059536,-78.814540028,578.5
2020-10-23 21:32:58,43.006074652,-78.814557413,578.0
2020-10-23 21:33:00,43.006099706,-78.814576539,579.0
2020-10-23 21:33:02,43.006120757,-78.814596255,578.9
2020-10-23 21:33:05,43.006137379,-78.814616098,578.7
2020-10-23 21:33:06,43.006153389,-78.814630386,578.3
2020-10-23 21:33:08,43.006166929,-78.814664964,579.4
2020-10-23 21:33:10,43.006185485,-78.814687661,579.8
2020-10-23 21:33:12,43.006203930,-78.814707938,578.5
2020-10-23 21:33:14,43.006226386,-78.814733058,577.7
2020-10-23 21:33:16,43.006235636,-78.814762966,578.4
2020-10-23 21:33:19,43.006257274,-78.814786433,578.7
2020-10-23 21:33:21,43.006273914,-78.814801160,579.0
2020-10-23 21:33:24,43.006295647,-78.814820457,579.7
2020-10-23 21:33:26,43.006308137,-78.814844586,579.2
2020-10-23 21:33:28,43.006330173,-78.814861906,578.0
2020-10-23 21:33:31,43.006348976,-78.814882404,578.8
2020-10-23 21:33:32,43.006368746,-78.814897782,578.9
2020-10-23 21:33:34,43.006384721,-78.814910913,579.1
2020-10-23 21:33:37,43.006409857,-78.814928830,579.2
2020-10-23 21:33:40,43.006432347,-78.814949890,579.4
2020-10-23 21:33:42,43.006449687,-78.814971888,579.7
2020-10-23 21:33:44,43.006455705,-78.814995550,578.7
2020-10-23 21:33:46,43.006455533,-78.815040115,578.8
2020-10-23 21:33:47,43.006440025,-78.815058015,578.4
2020-10-23 21:33:49,43.006432019,-78.815081749,578.6
2020-10-23 21:33:52,43.006445177,-78.815061422,578.7
2020-10-23 21:33:56,43.006437078,-78.815084194,579.5
2020-10-23 21:34:06,43.006435183,-78.815119398,578.5
2020-10-23 21:34:10,43.006450935,-78.815093194,578.0
2020-10-23 21:34:11,43.006471419,-78.815081687,578.5
2020-10-23 21:34:14,43.006487017,-78.815103573,578.6
2020-10-23 21:34:17,43.006501705,-78.815132672,578.2
2020-10-23 21:34:19,43.006518490,-78.815147594,577.7
2020-10-23 21:34:21,43.006541124,-78.815161898,579.1
2020-10-23 21:34:23,43.006555099,-78.815182216,579.1
2020-10-23 21:34:26,43.006577043,-78.815202813,577.6
2020-10-23 21:34:29,43.006595496,-78.815211180,580.6
2020-10-23 21:34:31,43.006625355,-78.815216805,579.1
2020-10-23 21:34:33,43.006646776,-78.815235656,579.2
2020-10-23 21:34:37,43.006670511,-78.815258044,579.0
2020-10-23 21:34:38,43.006693791,-78.815262970,579.3
2020-10-23 21:34:40,43.006714035,-78.815273990,578.7
2020-10-23 21:34:43,43.006737206,-78.815302487,578.3
2020-10-23 21:34:45,43.006766110,-78.815325458,578.1
2020-10-23 21:34:47,43.006783585,-78.815347175,578.9
2020-10-23 21:34:50,43.006811075,-78.815360500,579.0
2020-10-23 21:34:52,43.006839946,-78.815375699,579.9
2020-10-23 21:34:54,43.006855827,-78.815389715,578.6
2020-10-23 21:34:56,43.006872918,-78.815402693,578.5
2020-10-23 21:34:58,43.006897656,-78.815420765,579.1
2020-10-23 21:35:00,43.006919785,-78.815432191,578.8
2020-10-23 21:35:02,43.006939842,-78.815447288,578.6
2020-10-23 21:35:04,43.006957780,-78.815469039,578.4
2020-10-23 21:35:06,43.006973681,-78.815482217,579.4
2020-10-23 21:35:08,43.006997132,-78.815489823,579.5
2020-10-23 21:35:11,43.007020689,-78.815509095,579.9
2020-10-23 21:35:13,43.007051584,-78.815520969,578.3
2020-10-23 21:35:15,43.007076574,-78.815531586,579.2
2020-10-23 21:35:17,43.007091254,-78.815546444,579.7
2020-10-23 21:35:19,43.007110896,-78.815553180,577.4
2020-10-23 21:35:21,43.007136826,-78.815573394,581.3
2020-10-23 21:35:23,43.007162043,-78.815590198,581.4
2020-10-23 21:35:26,43.007188529,-78.815607611,579.3
2020-10-23 21:35:28,43.007209182,-78.815617716,579.1
2020-10-23 21:35:30,43.007233989,-78.815621834,579.8
2020-10-23 21:35:32,43.007255401,-78.815632509,578.7
2020-10-23 21:35:34,43.007274645,-78.815642534,579.0
2020-10-23 21:35:36,43.007302691,-78.815657827,578.6
2020-10-23 21:35:37,43.007321016,-78.815661368,579.3
2020-10-23 21:35:39,43.007339282,-78.815670317,579.6
2020-10-23 21:35:42,43.007366169,-78.815683313,576.7
2020-10-23 21:35:44,43.007394650,-78.815701004,579.2
2020-10-23 21:35:46,43.007420061,-78.815712138,578.7
2020-10-23 21:35:48,43.007440523,-78.815721609,579.4
2020-10-23 21:35:50,43.007465245,-78.815726421,579.1
2020-10-23 21:35:51,43.007485051,-78.815733357,577.3
2020-10-23 21:35:53,43.007502625,-78.815745583,579.8
2020-10-23 21:35:56,43.007530714,-78.815759418,578.1
2020-10-23 21:35:57,43.007549421,-78.815763760,579.6
2020-10-23 21:36:00,43.007566490,-78.815776881,578.9
2020-10-23 21:36:02,43.007594248,-78.815771114,578.9
2020-10-23 21:36:04,43.007591404,-78.815804114,578.3
2020-10-23 21:36:06,43.007581235,-78.815828704,577.3
2020-10-23 21:36:08,43.007579328,-78.815803860,579.1
2020-10-23 21:36:13,43.007581981,-78.815834575,578.9
2020-10-23 21:36:20,43.007601855,-78.815820488,578.4
2020-10-23 21:36:21,43.007617790,-78.815843866,579.6
2020-10-23 21:36:22,43.007636466,-78.815837499,578.9
2020-10-23 21:36:24,43.007656721,-78.815840043,577.8
2020-10-23 21:36:26,43.007682481,-78.815850279,578.1
2020-10-23 21:36:28,43.007702943,-78.815866949,579.0
2020-10-23 21:36:30,43.007720618,-78.815880204,578.9
2020-10-23 21:36:32,43.007743743,-78.815885662,579.8
2020-10-23 21:36:34,43.007767774,-78.815899907,577.4
2020-10-23 21:36:37,43.007791717,-78.815909272,578.6
2020-10-23 21:36:39,43.007817075,-78.815918160,578.8
2020-10-23 21:36:41,43.007842786,-78.815931495,579.3
2020-10-23 21:36:44,43.007864052,-78.815958379,578.1
2020-10-23 21:36:46,43.007886261,-78.815963799,579.1
2020-10-23 21:36:48,43.007906792,-78.815968534,577.9
2020-10-23 21:36:51,43.007939117,-78.815982235,579.1
2020-10-23 21:36:53,43.007964606,-78.815991063,578.7
2020-10-23 21:36:55,43.007982829,-78.816003663,578.6
2020-10-23 21:36:57,43.008006641,-78.816013291,579.0
2020-10-23 21:36:59,43.008029954,-78.816021988,577.5
2020-10-23 21:37:01,43.008045282,-78.816038161,578.1
2020-10-23 21:37:03,43.008058308,-78.816058890,577.5
2020-10-23 21:37:04,43.008079966,-78.816064408,579.1
2020-10-23 21:37:06,43.008105345,-78.816069596,578.8
2020-10-23 21:37:08,43.008122766,-78.816084341,577.3
2020-10-23 21:37:10,43.008150510,-78.816089753,578.4
2020-10-23 21:37:12,43.008174620,-78.816097986,578.8
2020-10-23 21:37:14,43.008195242,-78.816100347,578.1
2020-10-23 21:37:17,43.008223229,-78.816115191,577.7
2020-10-23 21:37:19,43.008247588,-78.816119794,578.5
2020-10-23 21:37:21,43.008267386,-78.816128453,577.6
2020-10-23 21:37:23,43.008289174,-78.816143177,578.6
2020-10-23 21:37:25,43.008308818,-78.816153989,578.0
2020-10-23 21:37:27,43.008328312,-78.816159899,577.9
2020-10-23 21:37:29,43.008350852,-78.816175456,577.0
2020-10-23 21:37:31,43.008369218,-78.816175837,577.0
2020-10-23 21:37:34,43.008402473,-78.816188923,577.8
2020-10-23 21:37:36,43.008425060,-78.816194341,577.2
2020-10-23 21:37:39,43.008456177,-78.816201235,577.8
2020-10-23 21:37:41,43.008473965,-78.816213513,578.2
2020-10-23 21:37:43,43.008497032,-78.816228025,579.6
2020-10-23 21:37:46,43.008522274,-78.816236897,578.6
2020-10-23 21:37:48,43.008539288,-78.816246354,578.9
2020-10-23 21:37:50,43.008561019,-78.816256945,580.4
2020-10-23 21:37:52,43.008586747,-78.816260039,579.9
2020-10-23 21:37:54,43.008603993,-78.816273773,578.0
2020-10-23 21:37:56,43.008624379,-78.816270172,579.3
2020-10-23 21:37:59,43.008653479,-78.816296927,579.7
2020-10-23 21:38:02,43.008674650,-78.816301731,579.0
2020-10-23 21:38:04,43.008699264,-78.816310846,578.8
2020-10-23 21:38:08,43.008716901,-78.816298304,576.7
2020-10-23 21:38:10,43.008716620,-78.816330181,577.6
2020-10-23 21:38:12,43.008713023,-78.816360206,578.5
2020-10-23 21:38:21,43.008710862,-78.816328521,578.0
2020-10-23 21:38:28,43.008739464,-78.816318997,578.2
2020-10-23 21:38:30,43.008756453,-78.816334185,579.3
2020-10-23 21:38:32,43.008777452,-78.816339567,579.4
2020-10-23 21:38:34,43.008805116,-78.816343371,579.3
2020-10-23 21:38:37,43.008838780,-78.816349051,578.1
2020-10-23 21:38:39,43.008865790,-78.816360858,578.3
2020-10-23 21:38:41,43.008883740,-78.816363402,578.8
2020-10-23 21:38:43,43.008899312,-78.816381036,580.0
2020-10-23 21:38:45,43.008925248,-78.816390810,578.7
2020-10-23 21:38:47,43.008949932,-78.816399338,578.4
2020-10-23 21:38:49,43.008968396,-78.816418494,579.1
2020-10-23 21:38:51,43.008984692,-78.816430471,577.8
2020-10-23 21:38:53,43.009005879,-78.816436563,579.6
2020-10-23 21:38:55,43.009029589,-78.816456578,579.1
2020-10-23 21:38:57,43.009054072,-78.816465473,578.7
2020-10-23 21:39:00,43.009082319,-78.816476876,578.7
2020-10-23 21:39:02,43.009100871,-78.816487216,578.8
2020-10-23 21:39:04,43.009120125,-78.816482799,578.3
2020-10-23 21:39:06,43.009138454,-78.816497670,578.5
2020-10-23 21:39:08,43.009166778,-78.816509958,578.7
2020-10-23 21:39:10,43.009186047,-78.816515403,578.3
2020-10-23 21:39:12,43.009197955,-78.816538540,578.7
2020-10-23 21:39:14,43.009225453,-78.816551809,577.3
2020-10-23 21:39:16,43.009249093,-78.816574403,578.2
2020-10-23 21:39:18,43.009268146,-78.816581692,577.6
2020-10-23 21:39:20,43.009286263,-78.816602029,577.8
2020-10-23 21:39:22,43.009309372,-78.816614796,577.3
2020-10-23 21:39:24,43.009335892,-78.816620970,576.8
2020-10-23 21:39:26,43.009351067,-78.816634274,577.5
2020-10-23 21:39:28,43.009377844,-78.816639459,577.1
2020-10-23 21:39:30,43.009403979,-78.816645168,575.6
2020-10-23 21:39:33,43.009430627,-78.816659649,576.0
2020-10-23 21:39:34,43.009450474,-78.816667148,575.4
2020-10-23 21:39:36,43.009474195,-78.816667997,575.8
2020-10-23 21:39:38,43.009490894,-78.816683701,576.2
2020-10-23 21:39:40,43.009516274,-78.816692587,576.0
2020-10-23 21:39:42,43.009540273,-78.816699398,575.2
2020-10-23 21:39:44,43.009554952,-78.816713846,574.0
2020-10-23 21:39:46,43.009573207,-78.816724150,574.9
2020-10-23 21:39:48,43.009600135,-78.816738560,577.2
2020-10-23 21:39:50,43.009623381,-78.816766355,575.0
2020-10-23 21:39:52,43.009642807,-78.816776920,574.8
2020-10-23 21:39:54,43.009662091,-78.816795145,573.5
2020-10-23 21:39:56,43.009689264,-78.816802692,573.6
2020-10-23 21:39:58,43.009711580,-78.816808155,574.3
2020-10-23 21:40:00,43.009742025,-78.816817502,573.4
2020-10-23 21:40:03,43.009771391,-78.816818569,574.0
2020-10-23 21:40:06,43.009803961,-78.816836789,573.8
2020-10-23 21:40:08,43.009825973,-78.816847241,574.4
2020-10-23 21:40:10,43.009848861,-78.816860963,574.2
2020-10-23 21:40:12,43.009867810,-78.816871089,574.3
2020-10-23 21:40:14,43.009894304,-78.816871587,574.4
2020-10-23 21:40:16,43.009919975,-78.816872999,573.6
2020-10-23 21:40:19,43.009945511,-78.816885217,574.6
2020-10-23 21:40:21,43.009967495,-78.816890148,576.1
2020-10-23 21:40:23,43.009993775,-78.816895737,574.5
2020-10-23 21:40:25,43.010013519,-78.816898972,574.4
2020-10-23 21:40:27,43.010035938,-78.816900815,574.6
2020-10-23 21:40:29,43.010057282,-78.816904975,574.8
2020-10-23 21:40:32,43.010081165,-78.816907813,573.5
2020-10-23 21:40:35,43.010095349,-78.816881958,575.3
2020-10-23 21:40:38,43.010099315,-78.816918402,573.8
2020-10-23 21:40:40,43.010086550,-78.816900728,574.9
2020-10-23 21:40:42,43.010095229,-78.816872680,574.9
2020-10-23 21:40:45,43.010092858,-78.816902092,576.7
2020-10-23 21:40:48,43.010091822,-78.816871121,574.6
2020-10-23 21:40:51,43.010096644,-78.816897041,575.1
2020-10-23 21:40:55,43.010114820,-78.816885107,574.6
2020-10-23 21:40:58,43.010137370,-78.816893098,574.8
2020-10-23 21:41:00,43.010161470,-78.816889569,574.6
2020-10-23 21:41:03,43.010187453,-78.816899890,575.6
2020-10-23 21:41:05,43.010213811,-78.816902996,575.3
2020-10-23 21:41:07,43.010236536,-78.816904751,574.8
2020-10-23 21:41:09,43.010261297,-78.816901586,575.2
2020-10-23 21:41:11,43.010284021,-78.816912408,575.1
2020-10-23 21:41:13,43.010307569,-78.816921847,575.2
2020-10-23 21:41:15,43.010330817,-78.816915816,575.3
2020-10-23 21:41:17,43.010354514,-78.816920506,574.9
2020-10-23 21:41:19,43.010372648,-78.816918117,574.9
2020-10-23 21:41:21,43.010396481,-78.816917760,574.7
2020-10-23 21:41:23,43.010425963,-78.816923019,575.0
2020-10-23 21:41:25,43.010445802,-78.816927714,574.7
2020-10-23 21:41:27,43.010466407,-78.816933248,574.0
2020-10-23 21:41:29,43.010490825,-78.816928314,574.6
2020-10-23 21:41:31,43.010513706,-78.816933621,573.7
2020-10-23 21:41:34,43.010546804,-78.816928839,574.6
2020-10-23 21:41:36,43.010567149,-78.816924667,575.1
2020-10-23 21:41:39,43.010589663,-78.816916629,575.5
2020-10-23 21:41:41,43.010610032,-78.816912731,574.6
2020-10-23 21:41:43,43.010632046,-78.816908556,574.7
2020-10-23 21:41:45,43.010651807,-78.816908131,575.3
2020-10-23 21:41:47,43.010672020,-78.816904155,576.4
2020-10-23 21:41:50,43.010695067,-78.816907893,573.9
2020-10-23 21:41:51,43.010716174,-78.816911036,575.6
2020-10-23 21:41:54,43.010739826,-78.816913249,574.1
2020-10-23 21:41:57,43.010775035,-78.816913824,574.3
2020-10-23 21:41:59,43.010802974,-78.816918013,575.8
2020-10-23 21:42:02,43.010826262,-78.816926145,575.1
2020-10-23 21:42:04,43.010851204,-78.816919118,574.6
2020-10-23 21:42:06,43.010873448,-78.816914286,575.3
2020-10-23 21:42:08,43.010894549,-78.816920778,575.9
2020-10-23 21:42:10,43.010915461,-78.816910833,574.6
2020-10-23 21:42:11,43.010934698,-78.816916092,573.9
2020-10-23 21:42:14,43.010958913,-78.816911740,575.8
2020-10-23 21:42:16,43.010982824,-78.816904706,576.5
2020-10-23 21:42:18,43.011004894,-78.816905101,575.0
2020-10-23 21:42:20,43.011024231,-78.816906785,576.1
2020-10-23 21:42:22,43.011044376,-78.816908036,575.8
2020-10-23 21:42:24,43.011071442,-78.816912431,575.3
2020-10-23 21:42:27,43.011090494,-78.816918142,575.2
2020-10-23 21:42:29,43.011110251,-78.816912065,576.4
2020-10-23 21:42:31,43.011131899,-78.816914033,576.3
2020-10-23 21:42:32,43.011151683,-78.816926953,576.8
2020-10-23 21:42:35,43.011179511,-78.816922579,576.1
2020-10-23 21:42:38,43.011210976,-78.816926515,575.4
2020-10-23 21:42:40,43.011228426,-78.816934925,575.1
2020-10-23 21:42:42,43.011246365,-78.816928630,576.0
2020-10-23 21:42:44,43.011265301,-78.816927758,575.5
2020-10-23 21:42:46,43.011290891,-78.816932570,575.6
2020-10-23 21:42:51,43.011310166,-78.816931630,575.5
2020-10-23 21:42:53,43.011318760,-78.816973354,575.9
2020-10-23 21:42:57,43.011308520,-78.816941739,575.9
2020-10-23 21:43:01,43.011324968,-78.816966801,575.2
2020-10-23 21:43:04,43.011296740,-78.816964090,575.9
2020-10-23 21:43:06,43.011274805,-78.816970769,576.2
2020-10-23 21:43:09,43.011251013,-78.816979880,576.1
2020-10-23 21:43:11,43.011230381,-78.816984057,575.7
2020-10-23 21:43:14,43.011212353,-78.816972498,573.5
2020-10-23 21:43:16,43.011185617,-78.816971507,576.2
2020-10-23 21:43:18,43.011162266,-78.816980328,574.9
2020-10-23 21:43:21,43.011128358,-78.816972952,575.5
2020-10-23 21:43:23,43.011107159,-78.816989735,575.0
2020-10-23 21:43:26,43.011087170,-78.816977678,575.7
2020-10-23 21:43:27,43.011069001,-78.816973124,574.8
2020-10-23 21:43:28,43.011047776,-78.816969952,575.0
2020-10-23 21:43:31,43.011027679,-78.816965365,576.3
2020-10-23 21:43:33,43.010993274,-78.816956293,576.0
2020-10-23 21:43:35,43.010970291,-78.816956267,577.0
2020-10-23 21:43:37,43.010953530,-78.816945398,576.1
2020-10-23 21:43:39,43.010929957,-78.816940653,576.1
2020-10-23 21:43:40,43.010908629,-78.816940295,576.2
2020-10-23 21:43:42,43.010887075,-78.816945392,577.6
2020-10-23 21:43:45,43.010852949,-78.816949108,576.2
2020-10-23 21:43:47,43.010831602,-78.816942894,575.2
2020-10-23 21:43:49,43.010812983,-78.816935191,575.0
2020-10-23 21:43:51,43.010795020,-78.816922324,577.9
2020-10-23 21:43:53,43.010769933,-78.816920436,575.0
2020-10-23 21:43:55,43.010747911,-78.816925863,573.7
2020-10-23 21:43:57,43.010725729,-78.816921775,575.5
2020-10-23 21:43:59,43.010705749,-78.816920490,574.9
2020-10-23 21:44:01,43.010686254,-78.816912731,575.0
2020-10-23 21:44:03,43.010660237,-78.816908155,577.7
2020-10-23 21:44:05,43.010641033,-78.816910555,575.5
2020-10-23 21:44:06,43.010618406,-78.816907010,576.6
2020-10-23 21:44:08,43.010599536,-78.816904051,575.3
2020-10-23 21:44:10,43.010569358,-78.816909624,574.7
2020-10-23 21:44:13,43.010538991,-78.816924617,576.9
2020-10-23 21:44:15,43.010520816,-78.816932439,576.7
2020-10-23 21:44:17,43.010489547,-78.816929492,575.1
2020-10-23 21:44:19,43.010468933,-78.816926240,574.4
2020-10-23 21:44:22,43.010446521,-78.816935572,576.8
2020-10-23 21:44:24,43.010418921,-78.816941153,577.2
2020-10-23 21:44:26,43.010388815,-78.816939801,575.4
2020-10-23 21:44:28,43.010365928,-78.816929193,575.3
2020-10-23 21:44:30,43.010343175,-78.816932088,576.1
2020-10-23 21:44:32,43.010317195,-78.816931379,574.0
2020-10-23 21:44:34,43.010299613,-78.816922404,574.9
2020-10-23 21:44:36,43.010275223,-78.816925114,573.0
2020-10-23 21:44:38,43.010249942,-78.816931731,574.5
2020-10-23 21:44:40,43.010233072,-78.816922105,575.3
2020-10-23 21:44:42,43.010210368,-78.816931399,574.4
2020-10-23 21:44:43,43.010191007,-78.816922926,574.6
2020-10-23 21:44:45,43.010172509,-78.816923884,574.1
2020-10-23 21:44:47,43.010152069,-78.816922770,574.8
2020-10-23 21:44:49,43.010130641,-78.816927260,574.1
2020-10-23 21:44:51,43.010103482,-78.816923437,573.6
2020-10-23 21:44:53,43.010078819,-78.816917939,575.2
2020-10-23 21:44:55,43.010056919,-78.816919064,575.4
2020-10-23 21:44:56,43.010038919,-78.816913967,574.6
2020-10-23 21:44:59,43.010014498,-78.816898405,575.3
2020-10-23 21:45:01,43.009990137,-78.816891422,575.1
2020-10-23 21:45:03,43.009971699,-78.816884527,576.2
2020-10-23 21:45:05,43.009953150,-78.816884358,575.4
2020-10-23 21:45:07,43.009931019,-78.816872747,575.7
2020-10-23 21:45:09,43.009909724,-78.816864878,575.4
2020-10-23 21:45:11,43.009891571,-78.816861950,575.3
2020-10-23 21:45:13,43.009859478,-78.816853794,575.4
2020-10-23 21:45:16,43.009831977,-78.816847141,575.3
2020-10-23 21:45:18,43.009808559,-78.816836521,575.7
2020-10-23 21:45:20,43.009785647,-78.816822080,574.6
2020-10-23 21:45:23,43.009761415,-78.816805835,576.9
2020-10-23 21:45:25,43.009735082,-78.816800728,576.8
2020-10-23 21:45:27,43.009711041,-78.816782852,574.9
2020-10-23 21:45:30,43.009682597,-78.816778703,575.0
2020-10-23 21:45:32,43.009665615,-78.816764552,574.6
2020-10-23 21:45:34,43.009645470,-78.816756753,576.3
2020-10-23 21:45:36,43.009623506,-78.816744784,575.0
2020-10-23 21:45:38,43.009601572,-78.816743197,575.4
2020-10-23 21:45:40,43.009582799,-78.816734837,575.4
2020-10-23 21:45:42,43.009564292,-78.816729867,574.9
2020-10-23 21:45:44,43.009541994,-78.816714745,575.8
2020-10-23 21:45:46,43.009520142,-78.816705737,574.6
2020-10-23 21:45:49,43.009487509,-78.816701324,576.9
2020-10-23 21:45:52,43.009464844,-78.816688026,579.1
2020-10-23 21:45:54,43.009442339,-78.816678728,577.1
2020-10-23 21:45:56,43.009424204,-78.816665187,575.9
2020-10-23 21:45:58,43.009405408,-78.816654919,576.7
2020-10-23 21:46:00,43.009381734,-78.816639174,578.2
2020-10-23 21:46:02,43.009365953,-78.816626441,576.4
2020-10-23 21:46:04,43.009351222,-78.816611772,577.6
2020-10-23 21:46:06,43.009323438,-78.816611207,576.7
2020-10-23 21:46:08,43.009300840,-78.816593528,577.2
2020-10-23 21:46:11,43.009263708,-78.816589695,576.7
2020-10-23 21:46:14,43.009234084,-78.816571275,576.3
2020-10-23 21:46:17,43.009206648,-78.816555714,577.6
2020-10-23 21:46:18,43.009185292,-78.816553018,578.0
2020-10-23 21:46:20,43.009167855,-78.816539654,579.8
2020-10-23 21:46:23,43.009132811,-78.816533627,577.9
2020-10-23 21:46:25,43.009111652,-78.816523025,577.1
2020-10-23 21:46:28,43.009090494,-78.816499453,578.9
2020-10-23 21:46:29,43.009068807,-78.816499999,578.9
2020-10-23 21:46:30,43.009050720,-78.816498968,579.0
2020-10-23 21:46:32,43.009032506,-78.816495168,578.6
2020-10-23 21:46:34,43.009011265,-78.816482461,578.9
2020-10-23 21:46:36,43.008992509,-78.816470242,578.9
2020-10-23 21:46:38,43.008973280,-78.816452380,578.6
2020-10-23 21:46:40,43.008955461,-78.816441031,578.4
2020-10-23 21:46:42,43.008936285,-78.816432959,578.7
2020-10-23 21:46:44,43.008908387,-78.816431144,577.8
2020-10-23 21:46:46,43.008889368,-78.816414654,578.2
2020-10-23 21:46:48,43.008867146,-78.816403149,578.7
2020-10-23 21:46:50,43.008840432,-78.816405838,577.6
2020-10-23 21:46:52,43.008818330,-78.816395399,579.0
2020-10-23 21:46:55,43.008787445,-78.816385413,579.9
2020-10-23 21:46:57,43.008765361,-78.816368923,577.9
2020-10-23 21:46:59,43.008745742,-78.816360196,578.2
2020-10-23 21:47:01,43.008722200,-78.816352540,578.6
2020-10-23 21:47:02,43.008705364,-78.816343232,578.0
2020-10-23 21:47:04,43.008687185,-78.816323144,577.6
2020-10-23 21:47:06,43.008667752,-78.816316530,577.3
2020-10-23 21:47:08,43.008636714,-78.816313736,576.5
2020-10-23 21:47:09,43.008616039,-78.816301893,577.2
2020-10-23 21:47:11,43.008593981,-78.816287302,578.4
2020-10-23 21:47:13,43.008571460,-78.816278787,577.8
2020-10-23 21:47:15,43.008542908,-78.816269613,576.7
2020-10-23 21:47:17,43.008514571,-78.816269255,577.7
2020-10-23 21:47:19,43.008495061,-78.816255792,578.8
2020-10-23 21:47:21,43.008474128,-78.816241099,578.9
2020-10-23 21:47:23,43.008451255,-78.816221783,578.1
2020-10-23 21:47:25,43.008427800,-78.816210455,579.1
2020-10-23 21:47:27,43.008407264,-78.816198990,577.9
2020-10-23 21:47:29,43.008383184,-78.816193668,578.7
2020-10-23 21:47:30,43.008363807,-78.816192516,579.7
2020-10-23 21:47:32,43.008340797,-78.816162066,577.1
2020-10-23 21:47:35,43.008312400,-78.816160146,578.5
2020-10-23 21:47:37,43.008278706,-78.816151689,578.0
2020-10-23 21:47:39,43.008258317,-78.816146401,578.0
2020-10-23 21:47:42,43.008231993,-78.816123641,577.8
2020-10-23 21:47:44,43.008205692,-78.816117821,578.8
2020-10-23 21:47:46,43.008186326,-78.816116837,575.4
2020-10-23 21:47:49,43.008163708,-78.816110403,578.0
2020-10-23 21:47:51,43.008145362,-78.816089555,579.2
2020-10-23 21:47:53,43.008121777,-78.816080973,577.3
2020-10-23 21:47:55,43.008104287,-78.816063410,577.6
2020-10-23 21:47:57,43.008078679,-78.816051963,577.1
2020-10-23 21:47:59,43.008055628,-78.816050662,577.3
2020-10-23 21:48:01,43.008037499,-78.816040085,577.4
2020-10-23 21:48:04,43.008006939,-78.816022656,578.8
2020-10-23 21:48:06,43.007977383,-78.816017810,577.9
2020-10-23 21:48:08,43.007959144,-78.816005822,580.5
2020-10-23 21:48:10,43.007938098,-78.816000553,579.1
2020-10-23 21:48:12,43.007910959,-78.815984490,577.4
2020-10-23 21:48:14,43.007887823,-78.815971176,578.6
2020-10-23 21:48:16,43.007863183,-78.815962199,578.0
2020-10-23 21:48:18,43.007835229,-78.815955801,579.4
2020-10-23 21:48:19,43.007816927,-78.815946089,578.2
2020-10-23 21:48:21,43.007798371,-78.815931435,577.9
2020-10-23 21:48:24,43.007769496,-78.815908332,578.3
2020-10-23 21:48:26,43.007745047,-78.815902750,578.7
2020-10-23 21:48:27,43.007725434,-78.815894211,578.3
2020-10-23 21:48:29,43.007706371,-78.815878684,576.6
2020-10-23 21:48:32,43.007681339,-78.815856416,578.3
2020-10-23 21:48:34,43.007654558,-78.815853920,577.2
2020-10-23 21:48:36,43.007632404,-78.815846657,578.4
2020-10-23 21:48:38,43.007613124,-78.815839013,577.7
2020-10-23 21:48:40,43.007583908,-78.815827311,578.3
2020-10-23 21:48:42,43.007560565,-78.815812909,578.0
2020-10-23 21:48:44,43.007538049,-78.815799014,577.6
2020-10-23 21:48:46,43.007516187,-78.815780687,577.3
2020-10-23 21:48:48,43.007492677,-78.815767121,576.1
2020-10-23 21:48:50,43.007470384,-78.815748575,577.0
2020-10-23 21:48:52,43.007450302,-78.815742139,578.4
2020-10-23 21:48:54,43.007430628,-78.815735393,577.5
2020-10-23 21:48:56,43.007412904,-78.815721952,576.8
2020-10-23 21:48:58,43.007395119,-78.815707667,579.0
2020-10-23 21:49:00,43.007366877,-78.815717708,579.1
2020-10-23 21:49:02,43.007346671,-78.815702852,578.3
2020-10-23 21:49:04,43.007334517,-78.815682540,575.4
2020-10-23 21:49:06,43.007312492,-78.815664998,578.3
2020-10-23 21:49:08,43.007291969,-78.815657041,578.0
2020-10-23 21:49:10,43.007264670,-78.815644389,578.7
2020-10-23 21:49:12,43.007245568,-78.815630866,576.3
2020-10-23 21:49:14,43.007223912,-78.815620728,577.8
2020-10-23 21:49:16,43.007196905,-78.815607599,578.1
2020-10-23 21:49:18,43.007170710,-78.815605153,577.5
2020-10-23 21:49:20,43.007154005,-78.815593690,575.4
2020-10-23 21:49:22,43.007133546,-78.815583664,579.9
2020-10-23 21:49:24,43.007104613,-78.815571789,576.9
2020-10-23 21:49:26,43.007083977,-78.815561573,579.2
2020-10-23 21:49:28,43.007065229,-78.815574533,576.0
2020-10-23 21:49:29,43.007053985,-78.815553677,576.4
2020-10-23 21:49:31,43.007024939,-78.815544610,578.6
2020-10-23 21:49:33,43.007005315,-78.815532755,577.9
2020-10-23 21:49:35,43.006982388,-78.815527520,579.3
2020-10-23 21:49:37,43.006958314,-78.815510913,575.4
2020-10-23 21:49:40,43.006932979,-78.815504488,578.5
2020-10-23 21:49:42,43.006908769,-78.815496658,578.0
2020-10-23 21:49:44,43.006886393,-78.815492864,578.9
2020-10-23 21:49:46,43.006870311,-78.815480942,579.5
2020-10-23 21:49:48,43.006851431,-78.815463388,578.8
2020-10-23 21:49:50,43.006833955,-78.815452993,578.0
2020-10-23 21:49:52,43.006819535,-78.815431004,578.6
2020-10-23 21:49:54,43.006802624,-78.815413789,577.8
2020-10-23 21:49:56,43.006774399,-78.815407765,576.5
2020-10-23 21:49:58,43.006754818,-78.815392157,577.4
2020-10-23 21:50:00,43.006736100,-78.815373120,577.9
2020-10-23 21:50:02,43.006714822,-78.815351051,577.3
2020-10-23 21:50:04,43.006695085,-78.815333735,578.1
2020-10-23 21:50:06,43.006672725,-78.815315966,576.8
2020-10-23 21:50:08,43.006646782,-78.815299781,577.2
2020-10-23 21:50:10,43.006616908,-78.815286127,578.5
2020-10-23 21:50:12,43.006599836,-78.815269912,577.4
2020-10-23 21:50:14,43.006578885,-78.815247306,577.6
2020-10-23 21:50:16,43.006559371,-78.815222611,576.9
2020-10-23 21:50:18,43.006535437,-78.815203808,579.2
2020-10-23 21:50:20,43.006511253,-78.815179814,578.7
2020-10-23 21:50:22,43.006492770,-78.815155734,577.5
2020-10-23 21:50:24,43.006473971,-78.815138980,577.4
2020-10-23 21:50:26,43.006450539,-78.815115013,578.3
2020-10-23 21:50:28,43.006434858,-78.815096957,577.9
2020-10-23 21:50:30,43.006414141,-78.815083472,579.1
2020-10-23 21:50:32,43.006400825,-78.815056185,577.8
2020-10-23 21:50:34,43.006384669,-78.815032572,577.3
2020-10-23 21:50:36,43.006363971,-78.815009053,578.4
2020-10-23 21:50:38,43.006353065,-78.814983823,577.5
2020-10-23 21:50:40,43.006334177,-78.814967521,577.3
2020-10-23 21:50:42,43.006314539,-78.814944368,577.7
2020-10-23 21:50:44,43.006298621,-78.814919287,576.4
2020-10-23 21:50:46,43.006280463,-78.814898753,578.3
2020-10-23 21:50:48,43.006258309,-78.814877610,577.3
2020-10-23 21:50:50,43.006241117,-78.814853906,577.4
2020-10-23 21:50:52,43.006224605,-78.814831958,578.1
2020-10-23 21:50:54,43.006204437,-78.814799989,576.2
2020-10-23 21:50:56,43.006189597,-78.814778507,577.1
2020-10-23 21:50:58,43.006177140,-78.814757696,577.0
2020-10-23 21:51:00,43.006157969,-78.814730490,577.6
2020-10-23 21:51:02,43.006143799,-78.814711712,578.3
2020-10-23 21:51:04,43.006130192,-78.814683112,576.6
2020-10-23 21:51:06,43.006113553,-78.814665390,577.9
2020-10-23 21:51:08,43.006092866,-78.814639255,577.9
2020-10-23 21:51:10,43.006076664,-78.814618603,578.2
2020-10-23 21:51:12,43.006063490,-78.814596055,577.9
2020-10-23 21:51:14,43.006039610,-78.814582104,578.0
2020-10-23 21:51:16,43.006021770,-78.814561562,578.4
2020-10-23 21:51:18,43.006001688,-78.814539811,577.3
2020-10-23 21:51:20,43.005980258,-78.814523362,578.4
2020-10-23 21:51:22,43.005958206,-78.814506948,577.7
2020-10-23 21:51:24,43.005943722,-78.814483885,579.2
2020-10-23 21:51:26,43.005930240,-78.814454818,577.7
2020-10-23 21:51:28,43.005911645,-78.814439146,577.6
2020-10-23 21:51:30,43.005888862,-78.814411180,578.7
2020-10-23 21:51:32,43.005874584,-78.814388292,579.3
2020-10-23 21:51:34,43.005856772,-78.814366537,578.3
2020-10-23 21:51:36,43.005839835,-78.814336675,579.1
2020-10-23 21:51:38,43.005820463,-78.814313379,578.8
2020-10-23 21:51:40,43.005808656,-78.814291329,578.2
2020-10-23 21:51:42,43.005792167,-78.814272440,579.2
2020-10-23 21:51:44,43.005773297,-78.814248841,577.6
2020-10-23 21:51:46,43.005760251,-78.814226492,578.0
2020-10-23 21:51:48,43.005743221,-78.814206567,577.2
2020-10-23 21:51:50,43.005724905,-78.814183805,576.9
2020-10-23 21:51:52,43.005712403,-78.814160501,577.5
2020-10-23 21:51:54,43.005691746,-78.814138228,577.4
2020-10-23 21:51:56,43.005678377,-78.814114275,577.8
2020-10-23 21:51:58,43.005660033,-78.814090945,576.5
2020-10-23 21:52:00,43.005644114,-78.814070337,577.1
2020-10-23 21:52:02,43.005627531,-78.814046833,577.2
2020-10-23 21:52:04,43.005610339,-78.814028101,576.2
2020-10-23 21:52:06,43.005596733,-78.814003171,576.6
2020-10-23 21:52:08,43.005579033,-78.813977831,576.3
2020-10-23 21:52:10,43.005562291,-78.813964929,576.2
2020-10-23 21:52:12,43.005541475,-78.813940123,576.5
2020-10-23 21:52:14,43.005527438,-78.813922250,576.3
2020-10-23 21:52:17,43.005507801,-78.813891572,575.5
2020-10-23 21:52:19,43.005486432,-78.813867878,575.3
2020-10-23 21:52:21,43.005469972,-78.813843995,575.5
2020-10-23 21:52:23,43.005462810,-78.813819989,575.0
2020-10-23 21:52:25,43.005445886,-78.813798861,576.4
2020-10-23 21:52:27,43.005424620,-78.813775331,575.4
2020-10-23 21:52:29,43.005409205,-78.813752261,576.3
2020-10-23 21:52:31,43.005396943,-78.813732373,577.3
2020-10-23 21:52:33,43.005375210,-78.813707725,575.1
2020-10-23 21:52:35,43.005354123,-78.813681364,576.1
2020-10-23 21:52:37,43.005335737,-78.813656571,575.3
2020-10-23 21:52:39,43.005322536,-78.813632045,574.6
2020-10-23 21:52:41,43.005308275,-78.813609796,575.7
2020-10-23 21:52:43,43.005283483,-78.813581717,575.8
2020-10-23 21:52:45,43.005267554,-78.813567609,574.3
2020-10-23 21:52:47,43.005251312,-78.813545268,575.4
2020-10-23 21:52:49,43.005229752,-78.813529880,574.1
2020-10-23 21:52:51,43.005208070,-78.813501586,575.2
2020-10-23 21:52:53,43.005195928,-78.813482874,575.8
2020-10-23 21:52:55,43.005173240,-78.813458663,575.5
2020-10-23 21:52:57,43.005161572,-78.813437919,575.9
2020-10-23 21:52:59,43.005144314,-78.813415055,576.4
2020-10-23 21:53:01,43.005129063,-78.813398562,576.4
2020-10-23 21:53:03,43.005102000,-78.813373178,575.1
2020-10-23 21:53:05,43.005087532,-78.813341400,573.5
2020-10-23 21:53:07,43.005077898,-78.813318267,575.0
2020-10-23 21:53:09,43.005058443,-78.813296801,575.9
2020-10-23 21:53:11,43.005041797,-78.813259841,576.1
2020-10-23 21:53:13,43.005028537,-78.813241081,576.1
2020-10-23 21:53:15,43.005011803,-78.813213305,575.0
2020-10-23 21:53:17,43.004994994,-78.813193512,574.3
2020-10-23 21:53:19,43.004972486,-78.813172007,575.7
2020-10-23 21:53:22,43.004950761,-78.813143765,576.5
2020-10-23 21:53:24,43.004934888,-78.813118879,574.0
2020-10-23 21:53:25,43.004920771,-78.813101900,573.4
2020-10-23 21:53:27,43.004912114,-78.813070113,575.7
2020-10-23 21:53:29,43.004905551,-78.813041311,575.4
2020-10-23 21:53:31,43.004889230,-78.813013926,576.8
2020-10-23 21:53:33,43.004871678,-78.812981545,574.0
2020-10-23 21:53:35,43.004858998,-78.812956511,575.0
2020-10-23 21:53:37,43.004848433,-78.812933986,575.2
2020-10-23 21:53:39,43.004832511,-78.812906717,575.0
2020-10-23 21:53:43,43.004812231,-78.812869977,575.3
2020-10-23 21:53:45,43.004801217,-78.812835225,575.4
2020-10-23 21:53:47,43.004792930,-78.812812004,575.9
2020-10-23 21:53:50,43.004769764,-78.812791803,574.2
2020-10-23 21:53:53,43.004760098,-78.812755776,574.9
2020-10-23 21:53:55,43.004749662,-78.812710934,574.4
2020-10-23 21:53:57,43.004737549,-78.812688326,575.6
2020-10-23 21:54:00,43.004724075,-78.812659184,574.8
2020-10-23 21:54:01,43.004717486,-78.812631690,574.8
2020-10-23 21:54:03,43.004708393,-78.812604934,575.3
2020-10-23 21:54:05,43.004699529,-78.812575721,574.0
2020-10-23 21:54:07,43.004686044,-78.812550760,572.4
2020-10-23 21:54:08,43.004676623,-78.812525734,574.8
2020-10-23 21:54:10,43.004669131,-78.812496045,574.8
2020-10-23 21:54:12,43.004662597,-78.812469973,574.5
2020-10-23 21:54:14,43.004655905,-78.812444280,573.8
2020-10-23 21:54:16,43.004644474,-78.812413826,572.2
2020-10-23 21:54:18,43.004639846,-78.812375548,574.9
2020-10-23 21:54:20,43.004637854,-78.812343784,575.2
2020-10-23 21:54:22,43.004629464,-78.812316486,575.2
2020-10-23 21:54:24,43.004617764,-78.812279843,573.4
2020-10-23 21:54:26,43.004612138,-78.812252724,574.4
2020-10-23 21:54:28,43.004610320,-78.812212335,575.4
2020-10-23 21:54:30,43.004604736,-78.812180345,576.0
2020-10-23 21:54:32,43.004594359,-78.812150176,575.1
2020-10-23 21:54:34,43.004587666,-78.812123066,575.2
2020-10-23 21:54:36,43.004580220,-78.812088448,574.4
2020-10-23 21:54:38,43.004573533,-78.812055809,574.8
2020-10-23 21:54:41,43.004572825,-78.812016190,576.4
2020-10-23 21:54:43,43.004570196,-78.811976400,574.6
2020-10-23 21:54:45,43.004576804,-78.811935328,575.3
2020-10-23 21:54:47,43.004569028,-78.811908745,574.7
2020-10-23 21:54:49,43.004562321,-78.811879911,575.7
2020-10-23 21:54:51,43.004559157,-78.811850828,576.4
2020-10-23 21:54:53,43.004557253,-78.811818364,574.3
2020-10-23 21:54:55,43.004552694,-78.811791532,576.0
2020-10-23 21:54:57,43.004552980,-78.811754671,575.0
2020-10-23 21:54:59,43.004548365,-78.811721850,574.5
2020-10-23 21:55:01,43.004535227,-78.811691700,576.2
2020-10-23 21:55:03,43.004534189,-78.811657917,575.6
2020-10-23 21:55:05,43.004527553,-78.811627392,576.4
2020-10-23 21:55:07,43.004517954,-78.811599367,574.6
2020-10-23 21:55:09,43.004517625,-78.811572797,575.5
2020-10-23 21:55:11,43.004515950,-78.811537940,576.0
2020-10-23 21:55:13,43.004519121,-78.811503048,572.5
2020-10-23 21:55:15,43.004523106,-78.811467208,576.0
2020-10-23 21:55:17,43.004520203,-78.811432014,575.7
2020-10-23 21:55:18,43.004516822,-78.811407155,575.0
2020-10-23 21:55:20,43.004516861,-78.811378557,575.4
2020-10-23 21:55:23,43.004520071,-78.811349650,573.5
2020-10-23 21:55:25,43.004517020,-78.811313735,574.3
2020-10-23 21:55:27,43.004515514,-78.811283235,575.1
2020-10-23 21:55:29,43.004517652,-78.811249629,574.5
2020-10-23 21:55:31,43.004514508,-78.811225318,575.0
2020-10-23 21:55:33,43.004515524,-78.811198427,573.7
2020-10-23 21:55:35,43.004520147,-78.811146421,575.1
2020-10-23 21:55:37,43.004521122,-78.811118109,577.0
2020-10-23 21:55:39,43.004519129,-78.811088199,575.5
2020-10-23 21:55:42,43.004517935,-78.811050296,575.3
2020-10-23 21:55:44,43.004512866,-78.811010130,574.8
2020-10-23 21:55:46,43.004512981,-78.810973639,575.3
2020-10-23 21:55:48,43.004516851,-78.810942048,574.8
2020-10-23 21:55:50,43.004519290,-78.810916125,575.2
2020-10-23 21:55:52,43.004525908,-78.810879393,574.5
2020-10-23 21:55:54,43.004522138,-78.810855293,574.9
2020-10-23 21:55:56,43.004530926,-78.810832393,575.2
2020-10-23 21:55:58,43.004554651,-78.810808014,574.0
2020-10-23 21:55:59,43.004572087,-78.810795393,574.5
2020-10-23 21:56:00,43.004585835,-78.810778823,573.9
2020-10-23 21:56:02,43.004606377,-78.810756159,573.9
2020-10-23 21:56:04,43.004618848,-78.810729688,574.2
2020-10-23 21:56:06,43.004633214,-78.810699050,573.5
2020-10-23 21:56:08,43.004645312,-78.810667099,574.0
2020-10-23 21:56:10,43.004642540,-78.810637731,573.7
2020-10-23 21:56:12,43.004649698,-78.810607905,572.2
2020-10-23 21:56:14,43.004646409,-78.810579572,572.1
2020-10-23 21:56:16,43.004651238,-78.810544533,573.5
2020-10-23 21:56:19,43.004651549,-78.810513940,574.4
2020-10-23 21:56:20,43.004654422,-78.810487844,573.1
2020-10-23 21:56:22,43.004658053,-78.810457080,573.1
2020-10-23 21:56:24,43.004653543,-78.810422854,571.3
2020-10-23 21:56:26,43.004653252,-78.810392824,574.2
2020-10-23 21:56:28,43.004653176,-78.810363435,572.5
2020-10-23 21:56:30,43.004654728,-78.810333042,573.1
2020-10-23 21:56:32,43.004653414,-78.810295468,571.1
2020-10-23 21:56:34,43.004650286,-78.810263626,572.2
2020-10-23 21:56:37,43.004648224,-78.810216490,572.5
2020-10-23 21:56:39,43.004649887,-78.810188377,573.9
2020-10-23 21:56:41,43.004652474,-78.810157930,573.1
2020-10-23 21:56:43,43.004651506,-78.810126738,573.1
2020-10-23 21:56:45,43.004649005,-78.810088786,572.3
2020-10-23 21:56:47,43.004645426,-78.810050459,571.9
2020-10-23 21:56:49,43.004648047,-78.810021243,571.2
2020-10-23 21:56:51,43.004649292,-78.809990716,572.4
2020-10-23 21:56:52,43.004655799,-78.809967719,571.9
2020-10-23 21:56:54,43.004652551,-78.809930922,571.2
2020-10-23 21:56:56,43.004648629,-78.809906496,572.2
2020-10-23 21:56:58,43.004649043,-78.809875429,573.0
2020-10-23 21:57:00,43.004650628,-78.809847608,573.4
2020-10-23 21:57:01,43.004650583,-78.809819933,571.8
2020-10-23 21:57:03,43.004649709,-78.809792744,572.3
2020-10-23 21:57:05,43.004650818,-78.809763016,570.7
2020-10-23 21:57:07,43.004650322,-78.809718821,573.0
2020-10-23 21:57:09,43.004648502,-78.809692373,572.6
2020-10-23 21:57:12,43.004646639,-78.809654345,572.3
2020-10-23 21:57:14,43.004653723,-78.809615736,574.9
2020-10-23 21:57:16,43.004653144,-78.809586562,571.8
2020-10-23 21:57:18,43.004655767,-78.809558699,573.9
2020-10-23 21:57:20,43.004657920,-78.809527349,573.8
2020-10-23 21:57:22,43.004657532,-78.809493124,574.6
2020-10-23 21:57:24,43.004658728,-78.809461263,573.9
2020-10-23 21:57:26,43.004658198,-78.809422883,575.7
2020-10-23 21:57:28,43.004658575,-78.809392659,574.2
2020-10-23 21:57:30,43.004657335,-78.809361230,574.6
2020-10-23 21:57:32,43.004655261,-78.809324479,575.8
2020-10-23 21:57:34,43.004653571,-78.809295198,573.4
2020-10-23 21:57:36,43.004655018,-78.809262825,574.8
2020-10-23 21:57:38,43.004653958,-78.809237228,574.1
2020-10-23 21:57:40,43.004659681,-78.809199668,575.3
2020-10-23 21:57:42,43.004655342,-78.809169767,575.5
2020-10-23 21:57:44,43.004652443,-78.809137055,574.6
2020-10-23 21:57:47,43.004658520,-78.809094033,575.4
2020-10-23 21:57:49,43.004655393,-78.809064283,574.9
2020-10-23 21:57:51,43.004659194,-78.809025107,575.3
2020-10-23 21:57:54,43.004658210,-78.808982612,575.5
2020-10-23 21:57:56,43.004662568,-78.808958720,574.1
2020-10-23 21:57:58,43.004665667,-78.808922654,574.7
2020-10-23 21:58:00,43.004663507,-78.808897147,574.7
2020-10-23 21:58:02,43.004658037,-78.808870663,575.1
2020-10-23 21:58:03,43.004658524,-78.808841684,573.3
2020-10-23 21:58:05,43.004656883,-78.808806696,576.0
2020-10-23 21:58:07,43.004656581,-78.808780713,576.3
2020-10-23 21:58:08,43.004657727,-78.808754348,575.7
2020-10-23 21:58:10,43.004666507,-78.808709718,576.1
2020-10-23 21:58:12,43.004669555,-78.808671239,574.9
2020-10-23 21:58:14,43.004669621,-78.808634721,575.6
2020-10-23 21:58:16,43.004670752,-78.808598980,576.1
2020-10-23 21:58:19,43.004675625,-78.808552928,574.7
2020-10-23 21:58:21,43.004665332,-78.808517406,574.8
2020-10-23 21:58:23,43.004667236,-78.808483225,574.2
2020-10-23 21:58:25,43.004667025,-78.808449243,573.2
2020-10-23 21:58:27,43.004664078,-78.808418925,573.0
2020-10-23 21:58:29,43.004663295,-78.808380843,574.2
2020-10-23 21:58:31,43.004664590,-78.808348859,574.8
2020-10-23 21:58:33,43.004668425,-78.808309517,574.3
2020-10-23 21:58:35,43.004660808,-78.808276305,574.2
2020-10-23 21:58:37,43.004665785,-78.808244741,574.2
2020-10-23 21:58:39,43.004663964,-78.808215824,574.2
2020-10-23 21:58:41,43.004661719,-78.808180680,574.1
2020-10-23 21:58:43,43.004663589,-78.808145647,574.8
2020-10-23 21:58:45,43.004660703,-78.808111648,574.2
2020-10-23 21:58:47,43.004660402,-78.808084709,575.4
2020-10-23 21:58:49,43.004659077,-78.808045722,575.5
2020-10-23 21:58:51,43.004665677,-78.808012857,574.6
2020-10-23 21:58:53,43.004663826,-78.807982999,575.1
2020-10-23 21:58:55,43.004667178,-78.807949663,574.7
2020-10-23 21:58:57,43.004662528,-78.807925707,575.0
2020-10-23 21:58:59,43.004664337,-78.807894974,574.6
2020-10-23 21:59:01,43.004660147,-78.807869788,574.0
2020-10-23 21:59:02,43.004660400,-78.807845200,573.6
2020-10-23 21:59:04,43.004660214,-78.807806481,575.5
2020-10-23 21:59:06,43.004658068,-78.807774994,574.5
2020-10-23 21:59:08,43.004657593,-78.807744862,575.2
2020-10-23 21:59:10,43.004658110,-78.807706846,574.4
2020-10-23 21:59:12,43.004646024,-78.807673080,574.6
2020-10-23 21:59:14,43.004653783,-78.807646674,576.7
2020-10-23 21:59:16,43.004658336,-78.807616080,574.9
2020-10-23 21:59:18,43.004658463,-78.807582512,574.7
2020-10-23 21:59:20,43.004661349,-78.807543280,575.4
2020-10-23 21:59:22,43.004661587,-78.807512475,575.3
2020-10-23 21:59:24,43.004665520,-78.807487960,574.9
2020-10-23 21:59:26,43.004657762,-78.807451689,574.7
2020-10-23 21:59:28,43.004660957,-78.807420307,573.9
2020-10-23 21:59:30,43.004661735,-78.807390388,575.7
2020-10-23 21:59:32,43.004662164,-78.807365239,574.9
2020-10-23 21:59:34,43.004659724,-78.807328362,575.6
2020-10-23 21:59:35,43.004662499,-78.807302429,575.9
2020-10-23 21:59:37,43.004664967,-78.807268160,575.1
2020-10-23 21:59:39,43.004664216,-78.807241696,572.6
2020-10-23 21:59:41,43.004661705,-78.807200541,575.5
2020-10-23 21:59:44,43.004665859,-78.807158003,575.7
2020-10-23 21:59:46,43.004672305,-78.807130892,573.9
2020-10-23 21:59:48,43.004669340,-78.807091226,572.5
2020-10-23 21:59:50,43.004673931,-78.807059647,575.1
2020-10-23 21:59:52,43.004672655,-78.807028776,573.9
2020-10-23 21:59:54,43.004669926,-78.807003991,574.8
2020-10-23 21:59:55,43.004667929,-78.806979181,572.7
2020-10-23 21:59:57,43.004670827,-78.806950974,572.0
2020-10-23 21:59:59,43.004663414,-78.806924143,573.1
2020-10-23 22:00:01,43.004663511,-78.806897843,572.3
2020-10-23 22:00:03,43.004668892,-78.806855716,574.3
2020-10-23 22:00:05,43.004669407,-78.806825058,573.3
2020-10-23 22:00:07,43.004667908,-78.806791992,572.4
2020-10-23 22:00:09,43.004671961,-78.806753328,573.9
2020-10-23 22:00:11,43.004668222,-78.806727353,572.7
2020-10-23 22:00:13,43.004668541,-78.806701132,572.4
2020-10-23 22:00:15,43.004672582,-78.806660678,572.6
2020-10-23 22:00:17,43.004670282,-78.806624659,571.8
2020-10-23 22:00:19,43.004671404,-78.806598545,572.3
2020-10-23 22:00:21,43.004669170,-78.806571440,571.7
2020-10-23 22:00:23,43.004667101,-78.806536477,572.2
2020-10-23 22:00:25,43.004663529,-78.806501365,571.5
2020-10-23 22:00:28,43.004675484,-78.806455213,572.7
2020-10-23 22:00:30,43.004676340,-78.806415914,571.2
2020-10-23 22:00:32,43.004673129,-78.806377186,572.8
2020-10-23 22:00:34,43.004674199,-78.806351459,574.5
2020-10-23 22:00:36,43.004679151,-78.806325050,571.2
2020-10-23 22:00:38,43.004679040,-78.806291998,573.3
2020-10-23 22:00:40,43.004676366,-78.806260137,571.9
2020-10-23 22:00:42,43.004676640,-78.806228602,573.6
2020-10-23 22:00:44,43.004674719,-78.806189212,573.4
2020-10-23 22:00:46,43.004680415,-78.806146727,571.2
2020-10-23 22:00:48,43.004682184,-78.806120602,570.6
2020-10-23 22:00:50,43.004683518,-78.806091795,572.0
2020-10-23 22:00:52,43.004688533,-78.806059295,572.8
2020-10-23 22:00:54,43.004701513,-78.806031207,573.7
2020-10-23 22:00:56,43.004714551,-78.806004437,571.8
2020-10-23 22:00:58,43.004721491,-78.805972974,570.9
2020-10-23 22:01:00,43.004715879,-78.805931100,572.7
2020-10-23 22:01:02,43.004713708,-78.805902770,571.8
2020-10-23 22:01:05,43.004719543,-78.805858027,570.4
2020-10-23 22:01:07,43.004718687,-78.805829771,571.9
2020-10-23 22:01:09,43.004717465,-78.805795268,571.3
2020-10-23 22:01:12,43.004717426,-78.805749702,572.9
2020-10-23 22:01:14,43.004715330,-78.805715438,572.1
2020-10-23 22:01:16,43.004718621,-78.805676740,571.6
2020-10-23 22:01:19,43.004716572,-78.805644312,573.0
2020-10-23 22:01:21,43.004715428,-78.805601422,574.9
2020-10-23 22:01:23,43.004715399,-78.805568005,574.5
2020-10-23 22:01:25,43.004713180,-78.805541560,574.0
2020-10-23 22:01:27,43.004715103,-78.805505141,573.8
2020-10-23 22:01:29,43.004708671,-78.805465340,575.3
2020-10-23 22:01:31,43.004712227,-78.805433384,575.3
2020-10-23 22:01:34,43.004695345,-78.805407118,573.4
2020-10-23 22:01:36,43.004677045,-78.805385104,574.1
2020-10-23 22:01:39,43.004667856,-78.805343020,574.7
2020-10-23 22:01:41,43.004665148,-78.805309737,575.3
2020-10-23 22:01:43,43.004672515,-78.805283928,574.7
2020-10-23 22:01:45,43.004672909,-78.805245920,575.7
2020-10-23 22:01:47,43.004672005,-78.805214292,575.3
2020-10-23 22:01:49,43.004674126,-78.805180126,575.4
2020-10-23 22:01:51,43.004667924,-78.805147133,574.3
2020-10-23 22:01:53,43.004669076,-78.805117553,575.6
2020-10-23 22:01:56,43.004658705,-78.805090813,575.4
2020-10-23 22:01:58,43.004659161,-78.805046170,573.9
2020-10-23 22:02:00,43.004663818,-78.805020344,576.1
2020-10-23 22:02:02,43.004659302,-78.804992817,575.0
2020-10-23 22:02:04,43.004659413,-78.804953471,575.1
2020-10-23 22:02:06,43.004669720,-78.804914216,575.5
2020-10-23 22:02:08,43.004671437,-78.804889296,576.1
2020-10-23 22:02:09,43.004667968,-78.804864467,575.4
2020-10-23 22:02:11,43.004668682,-78.804834739,576.7
2020-10-23 22:02:13,43.004670725,-78.804801272,576.4
2020-10-23 22:02:15,43.004670043,-78.804772404,573.6
2020-10-23 22:02:17,43.004668226,-78.804737135,577.0
2020-10-23 22:02:19,43.004668134,-78.804701700,578.0
2020-10-23 22:02:21,43.004668514,-78.804668193,578.5
2020-10-23 22:02:23,43.004666304,-78.804637611,575.1
2020-10-23 22:02:25,43.004661635,-78.804603196,575.0
2020-10-23 22:02:27,43.004657712,-78.804577169,577.4
2020-10-23 22:02:29,43.004655652,-78.804541394,577.1
2020-10-23 22:02:31,43.004650777,-78.804503307,577.5
2020-10-23 22:02:33,43.004648078,-78.804471025,576.4
2020-10-23 22:02:35,43.004646673,-78.804441728,577.8
2020-10-23 22:02:37,43.004639247,-78.804414508,577.5
2020-10-23 22:02:39,43.004635645,-78.804377495,577.3
2020-10-23 22:02:41,43.004630850,-78.804350482,577.1
2020-10-23 22:02:43,43.004625015,-78.804325375,577.1
2020-10-23 22:02:45,43.004622908,-78.804288886,578.6
2020-10-23 22:02:47,43.004617101,-78.804251127,578.5
2020-10-23 22:02:49,43.004609117,-78.804219381,579.5
2020-10-23 22:02:51,43.004596299,-78.804187739,578.0
2020-10-23 22:02:53,43.004591575,-78.804153820,578.7
2020-10-23 22:02:55,43.004581034,-78.804132638,579.4
2020-10-23 22:02:56,43.004578929,-78.804104790,580.2
2020-10-23 22:02:58,43.004571144,-78.804074592,580.4
2020-10-23 22:03:00,43.004560456,-78.804040251,578.7
2020-10-23 22:03:02,43.004556784,-78.804012236,580.5
2020-10-23 22:03:04,43.004547867,-78.803980869,579.2
2020-10-23 22:03:06,43.004537244,-78.803954458,580.4
2020-10-23 22:03:08,43.004531637,-78.803928301,579.5
2020-10-23 22:03:10,43.004521629,-78.803900407,578.9
2020-10-23 22:03:12,43.004518650,-78.803873866,580.6
2020-10-23 22:03:14,43.004513746,-78.803846292,579.3
2020-10-23 22:03:16,43.004512564,-78.803817292,579.6
2020-10-23 22:03:18,43.004509672,-78.803790741,580.9
2020-10-23 22:03:21,43.004506114,-78.803751531,578.3
2020-10-23 22:03:22,43.004507573,-78.803724858,578.8
2020-10-23 22:03:24,43.004477518,-78.803705889,578.1
2020-10-23 22:03:26,43.004471784,-78.803668967,578.5
2020-10-23 22:03:27,43.004471356,-78.803632918,577.9
2020-10-23 22:03:30,43.004460833,-78.803596750,575.9
2020-10-23 22:03:32,43.004443990,-78.803576303,574.5
2020-10-23 22:03:34,43.004440488,-78.803539169,574.3
2020-10-23 22:03:36,43.004430017,-78.803509683,575.9
2020-10-23 22:03:38,43.004424261,-78.803482301,576.1
2020-10-23 22:03:40,43.004418697,-78.803457504,576.0
2020-10-23 22:03:42,43.004419538,-78.803430107,577.0
2020-10-23 22:03:43,43.004415003,-78.803404157,577.8
2020-10-23 22:03:45,43.004416503,-78.803368672,578.6
2020-10-23 22:03:47,43.004411994,-78.803336517,579.5
2020-10-23 22:03:49,43.004405310,-78.803308249,578.5
2020-10-23 22:03:51,43.004403973,-78.803273948,578.4
2020-10-23 22:03:53,43.004399645,-78.803246799,580.0
2020-10-23 22:03:55,43.004398389,-78.803217455,581.0
2020-10-23 22:03:57,43.004394354,-78.803179844,581.1
2020-10-23 22:03:59,43.004391785,-78.803144640,581.9
2020-10-23 22:04:01,43.004387564,-78.803118520,581.4
2020-10-23 22:04:03,43.004385419,-78.803087630,582.4
2020-10-23 22:04:05,43.004375636,-78.803064709,583.0
2020-10-23 22:04:08,43.004365397,-78.803030011,584.3
2020-10-23 22:04:10,43.004355865,-78.803008015,585.3
2020-10-23 22:04:14,43.004342322,-78.802986302,585.3
2020-10-23 22:04:16,43.004338944,-78.802956746,587.4
2020-10-23 22:04:18,43.004343759,-78.802928565,583.9
2020-10-23 22:04:21,43.004344576,-78.802895961,584.1
2020-10-23 22:04:23,43.004341354,-78.802871811,585.0
2020-10-23 22:04:25,43.004345476,-78.802837758,585.4
2020-10-23 22:04:26,43.004353968,-78.802809337,586.1
2020-10-23 22:04:27,43.004349214,-78.802781491,588.6
2020-10-23 22:04:28,43.004352198,-78.802752304,585.4
2020-10-23 22:04:29,43.004344491,-78.802717706,584.8
2020-10-23 22:04:31,43.004344728,-78.802677693,586.6
2020-10-23 22:04:32,43.004340997,-78.802648333,586.3
2020-10-23 22:04:33,43.004343659,-78.802621934,585.9
2020-10-23 22:04:35,43.004336344,-78.802591871,588.4
2020-10-23 22:04:38,43.004340153,-78.802552981,585.3
2020-10-23 22:04:40,43.004338673,-78.802516521,586.7
2020-10-23 22:04:42,43.004342455,-78.802488970,584.7
2020-10-23 22:04:44,43.004347040,-78.802457201,584.6
2020-10-23 22:04:46,43.004350249,-78.802430595,586.4
2020-10-23 22:04:48,43.004350928,-78.802386342,585.8
2020-10-23 22:04:50,43.004352358,-78.802359153,586.8
2020-10-23 22:04:53,43.004358096,-78.802312691,585.2
2020-10-23 22:04:55,43.004357559,-78.802283687,584.7
2020-10-23 22:04:57,43.004358558,-78.802255944,585.6
2020-10-23 22:04:59,43.004364215,-78.802223944,586.5
2020-10-23 22:05:01,43.004363407,-78.802187352,585.3
2020-10-23 22:05:03,43.004363004,-78.802153558,584.3
2020-10-23 22:05:06,43.004364923,-78.802117671,586.0
2020-10-23 22:05:08,43.004364903,-78.802074181,585.5
2020-10-23 22:05:10,43.004363434,-78.802046137,584.2
2020-10-23 22:05:13,43.004361379,-78.802007368,584.5
2020-10-23 22:05:15,43.004354318,-78.801974766,586.2
2020-10-23 22:05:17,43.004354358,-78.801935642,585.8
2020-10-23 22:05:19,43.004355632,-78.801896750,585.9
2020-10-23 22:05:21,43.004354366,-78.801865452,585.5
2020-10-23 22:05:24,43.004351154,-78.801839865,584.9
2020-10-23 22:05:26,43.004344833,-78.801802955,586.3
2020-10-23 22:05:28,43.004342253,-78.801771755,585.4
2020-10-23 22:05:30,43.004347602,-78.801745456,585.4
2020-10-23 22:05:32,43.004345776,-78.801716876,585.3
2020-10-23 22:05:34,43.004345192,-78.801675255,585.4
2020-10-23 22:05:37,43.004341748,-78.801635366,585.1
2020-10-23 22:05:39,43.004342360,-78.801602014,585.8
2020-10-23 22:05:41,43.004363856,-78.801589342,584.7
2020-10-23 22:05:43,43.004387389,-78.801588799,585.4
2020-10-23 22:05:45,43.004415083,-78.801585385,584.9
2020-10-23 22:05:48,43.004439006,-78.801584714,585.1
2020-10-23 22:05:50,43.004464594,-78.801574356,584.7
2020-10-23 22:05:52,43.004484261,-78.801587040,584.6
2020-10-23 22:05:54,43.004502049,-78.801575625,584.8
2020-10-23 22:05:56,43.004529013,-78.801574949,584.0
2020-10-23 22:05:58,43.004553354,-78.801569196,584.8
2020-10-23 22:06:00,43.004570850,-78.801561304,585.2
2020-10-23 22:06:03,43.004601344,-78.801551261,585.4
2020-10-23 22:06:05,43.004621952,-78.801545697,584.3
2020-10-23 22:06:08,43.004649213,-78.801525939,585.0
2020-10-23 22:06:10,43.004671564,-78.801513227,583.9
2020-10-23 22:06:12,43.004697608,-78.801526762,584.9
2020-10-23 22:06:14,43.004719267,-78.801525624,584.2
2020-10-23 22:06:16,43.004749274,-78.801538855,584.4
2020-10-23 22:06:19,43.004773898,-78.801533407,583.9
2020-10-23 22:06:21,43.004794680,-78.801532221,584.8
2020-10-23 22:06:23,43.004815595,-78.801533178,584.8
2020-10-23 22:06:24,43.004833929,-78.801533599,584.6
2020-10-23 22:06:26,43.004852269,-78.801529875,584.3
2020-10-23 22:06:28,43.004881526,-78.801533326,584.4
2020-10-23 22:06:30,43.004899978,-78.801515129,584.6
2020-10-23 22:06:32,43.004917420,-78.801506216,585.2
2020-10-23 22:06:34,43.004939010,-78.801503710,585.0
2020-10-23 22:06:37,43.004964773,-78.801513759,585.7
2020-10-23 22:06:40,43.004994942,-78.801526747,585.3
2020-10-23 22:06:42,43.005023250,-78.801538584,585.3
2020-10-23 22:06:45,43.005048187,-78.801535343,585.0
2020-10-23 22:06:47,43.005068560,-78.801528859,584.1
2020-10-23 22:06:49,43.005089896,-78.801524057,584.7
2020-10-23 22:06:52,43.005116563,-78.801516715,585.3
2020-10-23 22:06:54,43.005139625,-78.801513511,585.8
2020-10-23 22:06:57,43.005169121,-78.801509586,585.7
2020-10-23 22:06:59,43.005194158,-78.801503799,585.1
2020-10-23 22:07:02,43.005216838,-78.801513036,585.1
2020-10-23 22:07:04,43.005243899,-78.801524292,584.8
2020-10-23 22:07:06,43.005273667,-78.801521223,584.6
2020-10-23 22:07:09,43.005301314,-78.801519010,584.3
2020-10-23 22:07:12,43.005345756,-78.801523225,585.6
2020-10-23 22:07:14,43.005363626,-78.801532924,585.4